Workbook

Sheet June Master Duty Overview
A1: Duty Personnel Duty | B1: Total Points | C1: Duty Points | D1: Reserve Points | E1: Reserve Points 2 | F1: SATURDAY (AM) | G1: SATURDAY (PM) | H1: SUNDAY (AM) | I1: SUNDAY (PM) | J1: MONDAY | K1: TUESDAY | L1: WEDNESDAY | M1: THURSDAY | N1: FRIDAY | O1: SATURDAY (AM) | P1: SATURDAY (PM) | Q1: SUNDAY (AM) | R1: SUNDAY (PM) | S1: MONDAY | T1: TUESDAY | U1: WEDNESDAY | V1: THURSDAY | W1: FRIDAY | X1: SATURDAY (AM) | Y1: SATURDAY (PM) | Z1: SUNDAY (AM) | AA1: SUNDAY (PM) | AB1: MONDAY (AM) | AC1: MONDAY (PM) | AD1: TUESDAY | AE1: WEDNESDAY | AF1: THURSDAY | AG1: FRIDAY | AH1: SATURDAY (AM) | AI1: SATURDAY (PM) | AJ1: SUNDAY (AM) | AK1: SUNDAY (PM) | AL1: MONDAY | AM1: TUESDAY | AN1: WEDNESDAY | AO1: THURSDAY | AP1: FRIDAY | AQ1: SATURDAY (AM) | AR1: SATURDAY (PM) | AS1: SUNDAY (AM) | AT1: SUNDAY (PM)
F2: 1-6-24 (AM) | G2: 1-6-24 (PM) | H2: 2-6-24 (AM) | I2: 2-6-24 (PM) | J2: 45446 | K2: 45447 | L2: 45448 | M2: 45449 | N2: 45450 | O2: 8-6-24 (AM) | P2: 8-6-24 (PM) | Q2: 9-6-24 (AM) | R2: 9-6-24 (PM) | S2: 45453 | T2: 45454 | U2: 45455 | V2: 45456 | W2: 45457 | X2: 15-6-24 (AM) | Y2: 15-6-24 (PM) | Z2: 16-6-24 (AM) | AA2: 16-6-24 (PM) | AB2: 17-6-24 (AM) | AC2: 17-6-24 (PM) | AD2: 45461 | AE2: 45462 | AF2: 45463 | AG2: 45464 | AH2: 22-6-24 (AM) | AI2: 22-6-24 (PM) | AJ2: 23-6-24 (AM) | AK2: 23-6-24 (PM) | AL2: 45467 | AM2: 45468 | AN2: 45469 | AO2: 45470 | AP2: 45471 | AQ2: 29-6-24 (AM) | AR2: 29-6-24 (PM) | AS2: 30-6-24 (AM) | AT2: 30-6-24 (PM)
A3: PTE EZRA | B3: =SUM(C3:D3) -> 4 | C3: =SUM(F3:AW3) -> 2 | D3: {=SUM(IF(F3:AW3="R",1,0))} -> 2 | E3: {=SUM(IF(F3:AW3="R2",1,0))} -> 2 | M3: r | N3: 1 | O3: r | P3: 1 | AE3: r2 | AF3: r2
A4: PTE LI HUI | B4: =SUM(C4:D4) -> 3 | C4: =SUM(F4:AW4) -> 2 | D4: {=SUM(IF(F4:AW4="R",1,0))} -> 1 | E4: {=SUM(IF(F4:AW4="R2",1,0))} -> 1 | F4: 1 | X4: r | AG4: r2 | AT4: 1
A5: PTE ERNEST | B5: =SUM(C5:D5) -> 3 | C5: =SUM(F5:AW5) -> 1 | D5: {=SUM(IF(F5:AW5="R",1,0))} -> 2 | E5: {=SUM(IF(F5:AW5="R2",1,0))} -> 2 | F5: r | R5: r | S5: 1 | T5: r2 | AA5: r2
A6: PTE FIRMAN | B6: =SUM(C6:D6) -> 3 | C6: =SUM(F6:AW6) -> 1 | D6: {=SUM(IF(F6:AW6="R",1,0))} -> 2 | E6: {=SUM(IF(F6:AW6="R2",1,0))} -> 1 | R6: r2 | S6: r | T6: r | AA6: 1
A7: PTE AFIF | B7: =SUM(C7:D7) -> 2 | C7: =SUM(F7:AW7) -> 1 | D7: {=SUM(IF(F7:AW7="R",1,0))} -> 1 | E7: {=SUM(IF(F7:AW7="R2",1,0))} -> 1 | S7: r2 | T7: 1 | AG7: r
A8: PTE ADAM | B8: =SUM(C8:D8) -> 2 | C8: =SUM(F8:AW8) -> 1 | D8: {=SUM(IF(F8:AW8="R",1,0))} -> 1 | E8: {=SUM(IF(F8:AW8="R2",1,0))} -> 2 | K8: r2 | AA8: r | AC8: 1 | AS8: r2
A9: PTE REUVEN | B9: =SUM(C9:D9) -> 2 | C9: =SUM(F9:AW9) -> 1 | D9: {=SUM(IF(F9:AW9="R",1,0))} -> 1 | E9: {=SUM(IF(F9:AW9="R2",1,0))} -> 1 | K9: r | AC9: r2 | AS9: 1
A10: LCP AMIRUL | B10: =SUM(C10:D10) -> 4 | C10: =SUM(F10:AW10) -> 1 | D10: {=SUM(IF(F10:AW10="R",1,0))} -> 3 | E10: {=SUM(IF(F10:AW10="R2",1,0))} -> 1 | K10: 1 | Q10: r2 | Z10: r | AC10: r | AS10: r
A11: PTE YU CHEN | C11: =SUM(F11:AW11) -> 0 | D11: {=SUM(IF(F11:AW11="R",1,0))} -> 0 | E11: {=SUM(IF(F11:AW11="R2",1,0))} -> 0
A12: PTE HOI REI | B12: =SUM(C12:D12) -> 0 | C12: =SUM(F12:AW12) -> 0 | D12: {=SUM(IF(F12:AW12="R",1,0))} -> 0 | E12: {=SUM(IF(F12:AW12="R2",1,0))} -> 0
A13: PTE DANIEL | B13: =SUM(C13:D13) -> 5 | C13: =SUM(F13:AW13) -> 2 | D13: {=SUM(IF(F13:AW13="R",1,0))} -> 3 | E13: {=SUM(IF(F13:AW13="R2",1,0))} -> 3 | L13: r | U13: r | W13: 1 | AH13: r2 | AI13: r2 | AK13: r | AN13: r2 | AP13: 1
B14: =SUM(C14:D14) -> 0 | C14: =SUM(F14:AW14) -> 0 | D14: {=SUM(IF(F14:AW14="R",1,0))} -> 0 | E14: {=SUM(IF(F14:AW14="R2",1,0))} -> 0
A15: PTE ANGELO | B15: =SUM(C15:D15) -> 4 | C15: =SUM(F15:AW15) -> 2 | D15: {=SUM(IF(F15:AW15="R",1,0))} -> 2 | E15: {=SUM(IF(F15:AW15="R2",1,0))} -> 3 | L15: 1 | O15: r2 | U15: r2 | W15: r | AI15: 1 | AK15: r2 | AN15: r
A16: PTE MATTHEW | B16: =SUM(C16:D16) -> 3 | C16: =SUM(F16:AW16) -> 2 | D16: {=SUM(IF(F16:AW16="R",1,0))} -> 1 | E16: {=SUM(IF(F16:AW16="R2",1,0))} -> 1 | L16: r2 | AK16: 1 | AN16: 1 | AP16: r
A17: REC ETHAN | B17: =SUM(C17:D17) -> 3 | C17: =SUM(F17:AW17) -> 2 | D17: {=SUM(IF(F17:AW17="R",1,0))} -> 1 | E17: {=SUM(IF(F17:AW17="R2",1,0))} -> 2 | U17: 1 | W17: r2 | AG17: 1 | AI17: r | AP17: r2
C18: =SUM(F18:AW18) -> 0 | D18: {=SUM(IF(F18:AW18="R",1,0))} -> 0 | E18: {=SUM(IF(F18:AW18="R2",1,0))} -> 0
A19: REC AKMAL | B19: =SUM(C19:D19) -> 0 | C19: =SUM(F19:AW19) -> 0 | D19: {=SUM(IF(F19:AW19="R",1,0))} -> 0 | E19: {=SUM(IF(F19:AW19="R2",1,0))} -> 0
A20: REC RUI FENG | B20: =SUM(C20:D20) -> 5 | C20: =SUM(F20:AW20) -> 3 | D20: {=SUM(IF(F20:AW20="R",1,0))} -> 2 | E20: {=SUM(IF(F20:AW20="R2",1,0))} -> 1 | F20: r2 | O20: 1 | Q20: r | Z20: 1 | AH20: 1 | AJ20: r
B21: =SUM(C21:D21) -> 0 | C21: =SUM(F21:AW21) -> 0 | D21: {=SUM(IF(F21:AW21="R",1,0))} -> 0 | E21: {=SUM(IF(F21:AW21="R2",1,0))} -> 0
A22: PTE JASPER | B22: =SUM(C22:D22) -> 0 | C22: =SUM(F22:AW22) -> 0 | D22: {=SUM(IF(F22:AW22="R",1,0))} -> 0 | E22: {=SUM(IF(F22:AW22="R2",1,0))} -> 0
A23: PTE RIFQI | B23: =SUM(C23:D23) -> 3 | C23: =SUM(F23:AW23) -> 2 | D23: {=SUM(IF(F23:AW23="R",1,0))} -> 1 | E23: {=SUM(IF(F23:AW23="R2",1,0))} -> 1 | Z23: r2 | AH23: r | AJ23: 1 | AQ23: 1
A24: PTE HAQIMI | B24: =SUM(C24:D24) -> 3 | C24: =SUM(F24:AW24) -> 1 | D24: {=SUM(IF(F24:AW24="R",1,0))} -> 2 | E24: {=SUM(IF(F24:AW24="R2",1,0))} -> 3 | G24: r | J24: r2 | V24: r | Y24: r2 | AD24: 1 | AR24: r2
A25: PTE DARREN | B25: =SUM(C25:D25) -> 6 | C25: =SUM(F25:AW25) -> 5 | D25: {=SUM(IF(F25:AW25="R",1,0))} -> 1 | E25: {=SUM(IF(F25:AW25="R2",1,0))} -> 3 | G25: 1 | H25: r | I25: r2 | Q25: 1 | R25: 1 | AB25: 1 | AL25: r2 | AM25: r2 | AO25: 1
A26: PTE SAMEER | B26: =SUM(C26:D26) -> 6 | C26: =SUM(F26:AW26) -> 5 | D26: {=SUM(IF(F26:AW26="R",1,0))} -> 1 | E26: {=SUM(IF(F26:AW26="R2",1,0))} -> 2 | H26: 1 | I26: 1 | X26: 1 | Y26: 1 | AL26: r | AM26: 1 | AO26: r2 | AT26: r2
A27: PTE XIAO YU | B27: =SUM(C27:D27) -> 6 | C27: =SUM(F27:AW27) -> 1 | D27: {=SUM(IF(F27:AW27="R",1,0))} -> 5 | E27: {=SUM(IF(F27:AW27="R2",1,0))} -> 2 | G27: r2 | H27: R2 | I27: r | AB27: R | AL27: 1 | AM27: r | AO27: r | AT27: r
A28: PTE DAVID | B28: =SUM(C28:D28) -> 4 | C28: =SUM(F28:AW28) -> 2 | D28: {=SUM(IF(F28:AW28="R",1,0))} -> 2 | E28: {=SUM(IF(F28:AW28="R2",1,0))} -> 4 | J28: 1 | M28: r2 | X28: r2 | Y28: r | AB28: r2 | AD28: r | AQ28: r2 | AR28: 1
A29: CPL YUSUF | C29: =SUM(F29:AW29) -> 1 | D29: {=SUM(IF(F29:AW29="R",1,0))} -> 4 | E29: {=SUM(IF(F29:AW29="R2",1,0))} -> 3 | J29: r | M29: 1 | N29: r2 | P29: r | AD29: r2 | AJ29: r2 | AQ29: r | AR29: r
A30: REC HAO QIAN | B30: =SUM(C30:D30) -> 3 | C30: =SUM(F30:AW30) -> 1 | D30: {=SUM(IF(F30:AW30="R",1,0))} -> 2 | E30: {=SUM(IF(F30:AW30="R2",1,0))} -> 1 | N30: r | V30: r2 | AE30: 1 | AF30: r
A31: PTE JIREH | B31: =SUM(C31:D31) -> 3 | C31: =SUM(F31:AW31) -> 2 | D31: {=SUM(IF(F31:AW31="R",1,0))} -> 1 | E31: {=SUM(IF(F31:AW31="R2",1,0))} -> 1 | P31: r2 | V31: 1 | AE31: r | AF31: 1
A32: Total | B32: =SUM(B4:B21) -> 39 | C32: =SUM(F32:AW32) -> 41 | F32: =SUM(F3:F31) -> 1 | G32: =SUM(G3:G31) -> 1 | H32: =SUM(H3:H31) -> 1 | I32: =SUM(I3:I31) -> 1 | J32: =SUM(J3:J31) -> 1 | K32: =SUM(K3:K31) -> 1 | L32: =SUM(L3:L31) -> 1 | M32: =SUM(M3:M31) -> 1 | ... AT32: =SUM(AT3:AT31) -> 1
A33: Reserve 1 | B33: =SUM(F33:AW33) -> 41 | C33: =SUM(F33:AW33) -> 41 | F33: {=SUM(IF(F3:F31="R",1,0))} -> 1 | G33: {=SUM(IF(G3:G31="R",1,0))} -> 1 | H33: {=SUM(IF(H3:H31="R",1,0))} -> 1 | I33: {=SUM(IF(I3:I31="R",1,0))} -> 1 | J33: {=SUM(IF(J3:J31="R",1,0))} -> 1 | K33: {=SUM(IF(K3:K31="R",1,0))} -> 1 | L33: {=SUM(IF(L3:L31="R",1,0))} -> 1 | M33: {=SUM(IF(M3:M31="R",1,0))} -> 1 | ... AT33: {=SUM(IF(AT3:AT31="R",1,0))} -> 1
A34: Reserve 2 | B34: =SUM(F34:AW34) -> 41 | C34: =SUM(F34:AW34) -> 41 | F34: {=SUM(IF(F3:F31="R2",1,0))} -> 1 | G34: {=SUM(IF(G3:G31="R2",1,0))} -> 1 | H34: {=SUM(IF(H3:H31="R2",1,0))} -> 1 | I34: {=SUM(IF(I3:I31="R2",1,0))} -> 1 | J34: {=SUM(IF(J3:J31="R2",1,0))} -> 1 | K34: {=SUM(IF(K3:K31="R2",1,0))} -> 1 | L34: {=SUM(IF(L3:L31="R2",1,0))} -> 1 | M34: {=SUM(IF(M3:M31="R2",1,0))} -> 1 | ... AT34: {=SUM(IF(AT3:AT31="R2",1,0))} -> 1
E35: Duty Clerk | F35: =IFERROR(INDEX($A$3:$A$31, MATCH(1, INDEX($F$3:$AW$31, 0, MATCH(F2, $F$2:$AW$2, 0)), 0)), INDEX($A$3:$A$31, MATCH(1, INDEX($F$3:$AW$31, 0, MATCH(F2&" AM", $F$2:$AW$2, 0)), 0))) -> PTE LI HUI | G35: =IFERROR(INDEX($A$3:$A$31, MATCH(1, INDEX($F$3:$AW$31, 0, MATCH(G2, $F$2:$AW$2, 0)), 0)), INDEX($A$3:$A$31, MATCH(1, INDEX($F$3:$AW$31, 0, MATCH(G2&" AM", $F$2:$AW$2, 0)), 0))) -> PTE DARREN | H35: =IFERROR(INDEX($A$3:$A$31, MATCH(1, INDEX($F$3:$AW$31, 0, MATCH(H2, $F$2:$AW$2, 0)), 0)), INDEX($A$3:$A$31, MATCH(1, INDEX($F$3:$AW$31, 0, MATCH(H2&" AM", $F$2:$AW$2, 0)), 0))) -> PTE SAMEER | I35: =IFERROR(INDEX($A$3:$A$31, MATCH(1, INDEX($F$3:$AW$31, 0, MATCH(I2, $F$2:$AW$2, 0)), 0)), INDEX($A$3:$A$31, MATCH(1, INDEX($F$3:$AW$31, 0, MATCH(I2&" AM", $F$2:$AW$2, 0)), 0))) -> PTE SAMEER | J35: =IFERROR(INDEX($A$3:$A$31, MATCH(1, INDEX($F$3:$AW$31, 0, MATCH(J2, $F$2:$AW$2, 0)), 0)), INDEX($A$3:$A$31, MATCH(1, INDEX($F$3:$AW$31, 0, MATCH(J2&" AM", $F$2:$AW$2, 0)), 0))) -> PTE DAVID | K35: =IFERROR(INDEX($A$3:$A$31, MATCH(1, INDEX($F$3:$AW$31, 0, MATCH(K2, $F$2:$AW$2, 0)), 0)), INDEX($A$3:$A$31, MATCH(1, INDEX($F$3:$AW$31, 0, MATCH(K2&" AM", $F$2:$AW$2, 0)), 0))) -> LCP AMIRUL | L35: =IFERROR(INDEX($A$3:$A$31, MATCH(1, INDEX($F$3:$AW$31, 0, MATCH(L2, $F$2:$AW$2, 0)), 0)), INDEX($A$3:$A$31, MATCH(1, INDEX($F$3:$AW$31, 0, MATCH(L2&" AM", $F$2:$AW$2, 0)), 0))) -> PTE ANGELO | M35: =IFERROR(INDEX($A$3:$A$31, MATCH(1, INDEX($F$3:$AW$31, 0, MATCH(M2, $F$2:$AW$2, 0)), 0)), INDEX($A$3:$A$31, MATCH(1, INDEX($F$3:$AW$31, 0, MATCH(M2&" AM", $F$2:$AW$2, 0)), 0))) -> CPL YUSUF | ... AT35: =IFERROR(INDEX($A$3:$A$31, MATCH(1, INDEX($F$3:$AW$31, 0, MATCH(AT2, $F$2:$AW$2, 0)), 0)), INDEX($A$3:$A$31, MATCH(1, INDEX($F$3:$AW$31, 0, MATCH(AT2&" AM", $F$2:$AW$2, 0)), 0))) -> PTE LI HUI
E36: Reserve | F36: =INDEX($A$3:$A$31, MATCH("R", INDEX($F$3:$AW$31, 0, MATCH(F2, $F$2:$AW$2, 0)), 0)) -> PTE ERNEST | G36: =INDEX($A$3:$A$31, MATCH("R", INDEX($F$3:$AW$31, 0, MATCH(G2, $F$2:$AW$2, 0)), 0)) -> PTE HAQIMI | H36: =INDEX($A$3:$A$31, MATCH("R", INDEX($F$3:$AW$31, 0, MATCH(H2, $F$2:$AW$2, 0)), 0)) -> PTE DARREN | I36: =INDEX($A$3:$A$31, MATCH("R", INDEX($F$3:$AW$31, 0, MATCH(I2, $F$2:$AW$2, 0)), 0)) -> PTE XIAO YU | J36: =INDEX($A$3:$A$31, MATCH("R", INDEX($F$3:$AW$31, 0, MATCH(J2, $F$2:$AW$2, 0)), 0)) -> CPL YUSUF | K36: =INDEX($A$3:$A$31, MATCH("R", INDEX($F$3:$AW$31, 0, MATCH(K2, $F$2:$AW$2, 0)), 0)) -> PTE REUVEN | L36: =INDEX($A$3:$A$31, MATCH("R", INDEX($F$3:$AW$31, 0, MATCH(L2, $F$2:$AW$2, 0)), 0)) -> PTE DANIEL | M36: =INDEX($A$3:$A$31, MATCH("R", INDEX($F$3:$AW$31, 0, MATCH(M2, $F$2:$AW$2, 0)), 0)) -> PTE EZRA | ... AT36: =INDEX($A$3:$A$31, MATCH("R", INDEX($F$3:$AW$31, 0, MATCH(AT2, $F$2:$AW$2, 0)), 0)) -> PTE XIAO YU
E37: Reserve 2 | F37: =INDEX($A$3:$A$31, MATCH("R2", INDEX($F$3:$AW$31, 0, MATCH(F2, $F$2:$AW$2, 0)), 0)) -> REC RUI FENG | G37: =INDEX($A$3:$A$31, MATCH("R2", INDEX($F$3:$AW$31, 0, MATCH(G2, $F$2:$AW$2, 0)), 0)) -> PTE XIAO YU | H37: =INDEX($A$3:$A$31, MATCH("R2", INDEX($F$3:$AW$31, 0, MATCH(H2, $F$2:$AW$2, 0)), 0)) -> PTE XIAO YU | I37: =INDEX($A$3:$A$31, MATCH("R2", INDEX($F$3:$AW$31, 0, MATCH(I2, $F$2:$AW$2, 0)), 0)) -> PTE DARREN | J37: =INDEX($A$3:$A$31, MATCH("R2", INDEX($F$3:$AW$31, 0, MATCH(J2, $F$2:$AW$2, 0)), 0)) -> PTE HAQIMI | K37: =INDEX($A$3:$A$31, MATCH("R2", INDEX($F$3:$AW$31, 0, MATCH(K2, $F$2:$AW$2, 0)), 0)) -> PTE ADAM | L37: =INDEX($A$3:$A$31, MATCH("R2", INDEX($F$3:$AW$31, 0, MATCH(L2, $F$2:$AW$2, 0)), 0)) -> PTE MATTHEW | M37: =INDEX($A$3:$A$31, MATCH("R2", INDEX($F$3:$AW$31, 0, MATCH(M2, $F$2:$AW$2, 0)), 0)) -> PTE DAVID | ... AT37: =INDEX($A$3:$A$31, MATCH("R2", INDEX($F$3:$AW$31, 0, MATCH(AT2, $F$2:$AW$2, 0)), 0)) -> PTE SAMEER

Sheet July Master Duty Overview
A1: Duty Personnel Duty | B1: Total Points | C1: Duty Points | D1: Reserve Points | E1: Reserve Points 2 | F1: MONDAY | G1: TUESDAY | H1: WEDNESDAY | I1: THURSDAY | J1: FRIDAY | K1: SATURDAY (AM) | L1: SATURDAY (PM) | M1: SUNDAY (AM) | N1: SUNDAY (PM) | O1: MONDAY | P1: TUESDAY | Q1: WEDNESDAY | R1: THURSDAY | S1: FRIDAY | T1: SATURDAY (AM) | U1: SATURDAY (PM) | V1: SUNDAY (AM) | W1: SUNDAY (PM) | X1: MONDAY | Y1: TUESDAY | Z1: WEDNESDAY | AA1: THURSDAY | AB1: FRIDAY | AC1: SATURDAY (AM) | AD1: SATURDAY (PM) | AE1: SUNDAY (AM) | AF1: SUNDAY (PM) | AG1: MONDAY | AH1: TUESDAY | AI1: WEDNESDAY | AJ1: THURSDAY | AK1: FRIDAY | AL1: SATURDAY (AM) | AM1: SATURDAY (PM) | AN1: SUNDAY (AM) | AO1: SUNDAY (PM) | AP1: MONDAY | AQ1: TUESDAY | AR1: WEDNESDAY
F2: 45474 | G2: 45475 | H2: 45476 | I2: 45477 | J2: 45478 | K2: 6-7-24 (AM) | L2: 6-7-24 (PM) | M2: 7-7-24 (AM) | N2: 7-7-24 (PM) | O2: 45481 | P2: 45482 | Q2: 45483 | R2: 45484 | S2: 45485 | T2: 13-7-24 (AM) | U2: 13-7-24 (PM) | V2: 14-7-24 (AM) | W2: 14-7-24 (PM) | X2: 45488 | Y2: 45489 | Z2: 45490 | AA2: 45491 | AB2: 45492 | AC2: 20-7-24 (AM) | AD2: 20-7-24 (PM) | AE2: 21-7-24 (AM) | AF2: 21-7-24 (PM) | AG2: 45495 | AH2: 45496 | AI2: 45497 | AJ2: 45498 | AK2: 45499 | AL2: 27-7-24 (AM) | AM2: 27-7-24 (PM) | AN2: 28-7-24 (AM) | AO2: 28-7-24 (PM) | AP2: 45502 | AQ2: 45503 | AR2: 45504
A3: PTE EZRA | B3: =SUM(C3:D3) -> 3 | C3: =SUM(F3:AR3) -> 2 | D3: {=SUM(IF(F3:AR3="R",1,0))} -> 1 | E3: {=SUM(IF(F3:AR3="R2",1,0))} -> 2 | J3: r2 | M3: 1 | P3: r2 | AM3: 1 | AR3: r
A4: PTE LI HUI | B4: =SUM(C4:D4) -> 3 | C4: =SUM(F4:AR4) -> 2 | D4: {=SUM(IF(F4:AR4="R",1,0))} -> 1 | E4: {=SUM(IF(F4:AR4="R2",1,0))} -> 2 | K4: r | L4: 1 | T4: 1 | AC4: r2 | AF4: r2
A5: PTE ERNEST | B5: =SUM(C5:D5) -> 4 | C5: =SUM(F5:AR5) -> 2 | D5: {=SUM(IF(F5:AR5="R",1,0))} -> 2 | E5: {=SUM(IF(F5:AR5="R2",1,0))} -> 2 | H5: 1 | I5: r | T5: r | V5: r2 | AD5: r2 | AI5: 1
A6: PTE FIRMAN | B6: =SUM(C6:D6) -> 3 | C6: =SUM(F6:AR6) -> 2 | D6: {=SUM(IF(F6:AR6="R",1,0))} -> 1 | E6: {=SUM(IF(F6:AR6="R2",1,0))} -> 2 | L6: r2 | T6: r2 | AD6: 1 | AO6: 1 | AQ6: r
A7: PTE AFIF | B7: =SUM(C7:D7) -> 4 | C7: =SUM(F7:AR7) -> 2 | D7: {=SUM(IF(F7:AR7="R",1,0))} -> 2 | E7: {=SUM(IF(F7:AR7="R2",1,0))} -> 1 | Y7: r | AC7: 1 | AI7: r2 | AL7: r | AQ7: 1
A8: PTE YORI | C8: =SUM(F8:AR8) -> 1 | D8: {=SUM(IF(F8:AR8="R",1,0))} -> 1 | E8: {=SUM(IF(F8:AR8="R2",1,0))} -> 1 | AC8: r | AE8: r2 | AN8: 1
A9: PTE ADAM | B9: =SUM(C9:D9) -> 4 | C9: =SUM(F9:AR9) -> 2 | D9: {=SUM(IF(F9:AR9="R",1,0))} -> 2 | E9: {=SUM(IF(F9:AR9="R2",1,0))} -> 2 | L9: r | R9: r2 | W9: 1 | Z9: r | AH9: 1 | AJ9: r2
A10: PTE REUVEN | B10: =SUM(C10:D10) -> 3 | C10: =SUM(F10:AR10) -> 2 | D10: {=SUM(IF(F10:AR10="R",1,0))} -> 1 | E10: {=SUM(IF(F10:AR10="R2",1,0))} -> 2 | G10: r2 | N10: 1 | U10: r2 | W10: r | AK10: 1
A11: LCP AMIRUL | B11: =SUM(C11:D11) -> 0 | C11: =SUM(F11:AR11) -> 0 | D11: {=SUM(IF(F11:AR11="R",1,0))} -> 0 | E11: {=SUM(IF(F11:AR11="R2",1,0))} -> 0
A12: PTE DANIEL | B12: =SUM(C12:D12) -> 4 | C12: =SUM(F12:AR12) -> 2 | D12: {=SUM(IF(F12:AR12="R",1,0))} -> 2 | E12: {=SUM(IF(F12:AR12="R2",1,0))} -> 2 | S12: 1 | Y12: r2 | AA12: r | AB12: 1 | AF12: r | AQ12: r2
B13: =SUM(C13:D13) -> 0 | C13: =SUM(F13:AR13) -> 0 | D13: {=SUM(IF(F13:AR13="R",1,0))} -> 0 | E13: {=SUM(IF(F13:AR13="R2",1,0))} -> 0
A14: PTE ANGELO | B14: =SUM(C14:D14) -> 3 | C14: =SUM(F14:AR14) -> 1 | D14: {=SUM(IF(F14:AR14="R",1,0))} -> 2 | E14: {=SUM(IF(F14:AR14="R2",1,0))} -> 2 | S14: r | Y14: 1 | AA14: r2 | AJ14: r | AP14: r2
A15: REC RUI FENG | B15: =SUM(C15:D15) -> 2 | C15: =SUM(F15:AR15) -> 1 | D15: {=SUM(IF(F15:AR15="R",1,0))} -> 1 | E15: {=SUM(IF(F15:AR15="R2",1,0))} -> 1 | AE15: r | AL15: 1 | AN15: r2
A16: PTE MATTHEW | B16: =SUM(C16:D16) -> 4 | C16: =SUM(F16:AR16) -> 2 | D16: {=SUM(IF(F16:AR16="R",1,0))} -> 2 | E16: {=SUM(IF(F16:AR16="R2",1,0))} -> 1 | O16: r | P16: 1 | S16: r2 | AA16: 1 | AH16: r
A17: REC ETHAN | B17: =SUM(C17:D17) -> 4 | C17: =SUM(F17:AR17) -> 2 | D17: {=SUM(IF(F17:AR17="R",1,0))} -> 2 | E17: {=SUM(IF(F17:AR17="R2",1,0))} -> 2 | H17: r2 | J17: r | N17: r2 | P17: r | U17: 1 | AJ17: 1
C18: =SUM(F18:AR18) -> 0 | D18: {=SUM(IF(F18:AR18="R",1,0))} -> 0 | E18: {=SUM(IF(F18:AR18="R2",1,0))} -> 0
B19: =SUM(C19:D19) -> 0 | C19: =SUM(F19:AR19) -> 0 | D19: {=SUM(IF(F19:AR19="R",1,0))} -> 0 | E19: {=SUM(IF(F19:AR19="R2",1,0))} -> 0
A20: PTE AMIN | C20: =SUM(F20:AR20) -> 2 | D20: {=SUM(IF(F20:AR20="R",1,0))} -> 2 | E20: {=SUM(IF(F20:AR20="R2",1,0))} -> 2 | G20: r | J20: 1 | Q20: 1 | U20: r | AG20: r2 | AH20: r2
A21: PTE JASPER | B21: =SUM(C21:D21) -> 0 | C21: =SUM(F21:AR21) -> 0 | D21: {=SUM(IF(F21:AR21="R",1,0))} -> 0 | E21: {=SUM(IF(F21:AR21="R2",1,0))} -> 0
A22: REC PARAM | C22: =SUM(F22:AR22) -> 1 | D22: {=SUM(IF(F22:AR22="R",1,0))} -> 2 | E22: {=SUM(IF(F22:AR22="R2",1,0))} -> 1 | M22: r | V22: 1 | AL22: r2 | AN22: r
A23: PTE RIFQI | B23: =SUM(C23:D23) -> 2 | C23: =SUM(F23:AR23) -> 1 | D23: {=SUM(IF(F23:AR23="R",1,0))} -> 1 | E23: {=SUM(IF(F23:AR23="R2",1,0))} -> 1 | K23: 1 | M23: r2 | V23: r
A24: PTE HAQIMI | B24: =SUM(C24:D24) -> 3 | C24: =SUM(F24:AR24) -> 1 | D24: {=SUM(IF(F24:AR24="R",1,0))} -> 2 | E24: {=SUM(IF(F24:AR24="R2",1,0))} -> 2 | I24: 1 | K24: r2 | Q24: r | AI24: r | AK24: r2
A25: PTE DARREN | B25: =SUM(C25:D25) -> 4 | C25: =SUM(F25:AR25) -> 2 | D25: {=SUM(IF(F25:AR25="R",1,0))} -> 2 | E25: {=SUM(IF(F25:AR25="R2",1,0))} -> 2 | F25: 1 | H25: r | AB25: r | AE25: 1 | AO25: r2 | AR25: r2
A26: PTE SAMEER | B26: =SUM(C26:D26) -> 0 | C26: =SUM(F26:AR26) -> 0 | D26: {=SUM(IF(F26:AR26="R",1,0))} -> 0 | E26: {=SUM(IF(F26:AR26="R2",1,0))} -> 0
A27: PTE XIAO YU | B27: =SUM(C27:D27) -> 4 | C27: =SUM(F27:AR27) -> 2 | D27: {=SUM(IF(F27:AR27="R",1,0))} -> 2 | E27: {=SUM(IF(F27:AR27="R2",1,0))} -> 2 | F27: r | X27: r2 | Z27: 1 | AB27: r2 | AF27: 1 | AP27: r
A28: PTE DAVID | B28: =SUM(C28:D28) -> 0 | C28: =SUM(F28:AR28) -> 0 | D28: {=SUM(IF(F28:AR28="R",1,0))} -> 0 | E28: {=SUM(IF(F28:AR28="R2",1,0))} -> 0
A29: CPL YUSUF | C29: =SUM(F29:AR29) -> 2 | D29: {=SUM(IF(F29:AR29="R",1,0))} -> 2 | E29: {=SUM(IF(F29:AR29="R2",1,0))} -> 1 | F29: r2 | N29: r | R29: 1 | X29: r | AP29: 1
A30: PTE HOI REI | C30: =SUM(F30:AR30) -> 2 | D30: {=SUM(IF(F30:AR30="R",1,0))} -> 2 | E30: {=SUM(IF(F30:AR30="R2",1,0))} -> 2 | R30: r | X30: 1 | Z30: r2 | AM30: r2 | AO30: r | AR30: 1
A31: REC HAO QIAN | B31: =SUM(C31:D31) -> 4 | C31: =SUM(F31:AR31) -> 2 | D31: {=SUM(IF(F31:AR31="R",1,0))} -> 2 | E31: {=SUM(IF(F31:AR31="R2",1,0))} -> 2 | O31: 1 | Q31: r2 | W31: r2 | AG31: 1 | AK31: r | AM31: r
A32: PTE JIREH | B32: =SUM(C32:D32) -> 3 | C32: =SUM(F32:AR32) -> 1 | D32: {=SUM(IF(F32:AR32="R",1,0))} -> 2 | E32: {=SUM(IF(F32:AR32="R2",1,0))} -> 2 | G32: 1 | I32: r2 | O32: r2 | AD32: r | AG32: r
A33: Total | B33: =SUM(B4:B19) -> 38 | C33: =SUM(F33:AR33) -> 39 | F33: =SUM(F3:F32) -> 1 | G33: =SUM(G3:G32) -> 1 | H33: =SUM(H3:H32) -> 1 | I33: =SUM(I3:I32) -> 1 | J33: =SUM(J3:J32) -> 1 | K33: =SUM(K3:K32) -> 1 | L33: =SUM(L3:L32) -> 1 | M33: =SUM(M3:M32) -> 1 | ... AR33: =SUM(AR3:AR32) -> 1
A34: Reserve 1 | B34: =SUM(F34:AR34) -> 39 | C34: =SUM(F34:AR34) -> 39 | F34: {=SUM(IF(F3:F32="R",1,0))} -> 1 | G34: {=SUM(IF(G3:G32="R",1,0))} -> 1 | H34: {=SUM(IF(H3:H32="R",1,0))} -> 1 | I34: {=SUM(IF(I3:I32="R",1,0))} -> 1 | J34: {=SUM(IF(J3:J32="R",1,0))} -> 1 | K34: {=SUM(IF(K3:K32="R",1,0))} -> 1 | L34: {=SUM(IF(L3:L32="R",1,0))} -> 1 | M34: {=SUM(IF(M3:M32="R",1,0))} -> 1 | ... AR34: {=SUM(IF(AR3:AR32="R",1,0))} -> 1
A35: Reserve 2 | B35: =SUM(F35:AR35) -> 39 | C35: =SUM(F35:AR35) -> 39 | F35: {=SUM(IF(F3:F32="R2",1,0))} -> 1 | G35: {=SUM(IF(G3:G32="R2",1,0))} -> 1 | H35: {=SUM(IF(H3:H32="R2",1,0))} -> 1 | I35: {=SUM(IF(I3:I32="R2",1,0))} -> 1 | J35: {=SUM(IF(J3:J32="R2",1,0))} -> 1 | K35: {=SUM(IF(K3:K32="R2",1,0))} -> 1 | L35: {=SUM(IF(L3:L32="R2",1,0))} -> 1 | M35: {=SUM(IF(M3:M32="R2",1,0))} -> 1 | ... AR35: {=SUM(IF(AR3:AR32="R2",1,0))} -> 1
E36: Duty Clerk | F36: =IFERROR(INDEX($A$3:$A$32, MATCH(1, INDEX($F$3:$AR$32, 0, MATCH(F2, $F$2:$AR$2, 0)), 0)), INDEX($A$3:$A$32, MATCH(1, INDEX($F$3:$AR$32, 0, MATCH(F2&" AM", $F$2:$AR$2, 0)), 0))) -> PTE DARREN | G36: =IFERROR(INDEX($A$3:$A$32, MATCH(1, INDEX($F$3:$AR$32, 0, MATCH(G2, $F$2:$AR$2, 0)), 0)), INDEX($A$3:$A$32, MATCH(1, INDEX($F$3:$AR$32, 0, MATCH(G2&" AM", $F$2:$AR$2, 0)), 0))) -> PTE JIREH | H36: =IFERROR(INDEX($A$3:$A$32, MATCH(1, INDEX($F$3:$AR$32, 0, MATCH(H2, $F$2:$AR$2, 0)), 0)), INDEX($A$3:$A$32, MATCH(1, INDEX($F$3:$AR$32, 0, MATCH(H2&" AM", $F$2:$AR$2, 0)), 0))) -> PTE ERNEST | I36: =IFERROR(INDEX($A$3:$A$32, MATCH(1, INDEX($F$3:$AR$32, 0, MATCH(I2, $F$2:$AR$2, 0)), 0)), INDEX($A$3:$A$32, MATCH(1, INDEX($F$3:$AR$32, 0, MATCH(I2&" AM", $F$2:$AR$2, 0)), 0))) -> PTE HAQIMI | J36: =IFERROR(INDEX($A$3:$A$32, MATCH(1, INDEX($F$3:$AR$32, 0, MATCH(J2, $F$2:$AR$2, 0)), 0)), INDEX($A$3:$A$32, MATCH(1, INDEX($F$3:$AR$32, 0, MATCH(J2&" AM", $F$2:$AR$2, 0)), 0))) -> PTE AMIN | K36: =IFERROR(INDEX($A$3:$A$32, MATCH(1, INDEX($F$3:$AR$32, 0, MATCH(K2, $F$2:$AR$2, 0)), 0)), INDEX($A$3:$A$32, MATCH(1, INDEX($F$3:$AR$32, 0, MATCH(K2&" AM", $F$2:$AR$2, 0)), 0))) -> PTE RIFQI | L36: =IFERROR(INDEX($A$3:$A$32, MATCH(1, INDEX($F$3:$AR$32, 0, MATCH(L2, $F$2:$AR$2, 0)), 0)), INDEX($A$3:$A$32, MATCH(1, INDEX($F$3:$AR$32, 0, MATCH(L2&" AM", $F$2:$AR$2, 0)), 0))) -> PTE LI HUI | M36: =IFERROR(INDEX($A$3:$A$32, MATCH(1, INDEX($F$3:$AR$32, 0, MATCH(M2, $F$2:$AR$2, 0)), 0)), INDEX($A$3:$A$32, MATCH(1, INDEX($F$3:$AR$32, 0, MATCH(M2&" AM", $F$2:$AR$2, 0)), 0))) -> PTE EZRA | ... AR36: =IFERROR(INDEX($A$3:$A$32, MATCH(1, INDEX($F$3:$AR$32, 0, MATCH(AR2, $F$2:$AR$2, 0)), 0)), INDEX($A$3:$A$32, MATCH(1, INDEX($F$3:$AR$32, 0, MATCH(AR2&" AM", $F$2:$AR$2, 0)), 0))) -> PTE HOI REI
E37: Reserve | F37: =INDEX($A$3:$A$32, MATCH("R", INDEX($F$3:$AR$32, 0, MATCH(F2, $F$2:$AR$2, 0)), 0)) -> PTE XIAO YU | G37: =INDEX($A$3:$A$32, MATCH("R", INDEX($F$3:$AR$32, 0, MATCH(G2, $F$2:$AR$2, 0)), 0)) -> PTE AMIN | H37: =INDEX($A$3:$A$32, MATCH("R", INDEX($F$3:$AR$32, 0, MATCH(H2, $F$2:$AR$2, 0)), 0)) -> PTE DARREN | I37: =INDEX($A$3:$A$32, MATCH("R", INDEX($F$3:$AR$32, 0, MATCH(I2, $F$2:$AR$2, 0)), 0)) -> PTE ERNEST | J37: =INDEX($A$3:$A$32, MATCH("R", INDEX($F$3:$AR$32, 0, MATCH(J2, $F$2:$AR$2, 0)), 0)) -> REC ETHAN | K37: =INDEX($A$3:$A$32, MATCH("R", INDEX($F$3:$AR$32, 0, MATCH(K2, $F$2:$AR$2, 0)), 0)) -> PTE LI HUI | L37: =INDEX($A$3:$A$32, MATCH("R", INDEX($F$3:$AR$32, 0, MATCH(L2, $F$2:$AR$2, 0)), 0)) -> PTE ADAM | M37: =INDEX($A$3:$A$32, MATCH("R", INDEX($F$3:$AR$32, 0, MATCH(M2, $F$2:$AR$2, 0)), 0)) -> REC PARAM | ... AR37: =INDEX($A$3:$A$32, MATCH("R", INDEX($F$3:$AR$32, 0, MATCH(AR2, $F$2:$AR$2, 0)), 0)) -> PTE EZRA
E38: Reserve 2 | F38: =INDEX($A$3:$A$32, MATCH("R2", INDEX($F$3:$AR$32, 0, MATCH(F2, $F$2:$AR$2, 0)), 0)) -> CPL YUSUF | G38: =INDEX($A$3:$A$32, MATCH("R2", INDEX($F$3:$AR$32, 0, MATCH(G2, $F$2:$AR$2, 0)), 0)) -> PTE REUVEN | H38: =INDEX($A$3:$A$32, MATCH("R2", INDEX($F$3:$AR$32, 0, MATCH(H2, $F$2:$AR$2, 0)), 0)) -> REC ETHAN | I38: =INDEX($A$3:$A$32, MATCH("R2", INDEX($F$3:$AR$32, 0, MATCH(I2, $F$2:$AR$2, 0)), 0)) -> PTE JIREH | J38: =INDEX($A$3:$A$32, MATCH("R2", INDEX($F$3:$AR$32, 0, MATCH(J2, $F$2:$AR$2, 0)), 0)) -> PTE EZRA | K38: =INDEX($A$3:$A$32, MATCH("R2", INDEX($F$3:$AR$32, 0, MATCH(K2, $F$2:$AR$2, 0)), 0)) -> PTE HAQIMI | L38: =INDEX($A$3:$A$32, MATCH("R2", INDEX($F$3:$AR$32, 0, MATCH(L2, $F$2:$AR$2, 0)), 0)) -> PTE FIRMAN | M38: =INDEX($A$3:$A$32, MATCH("R2", INDEX($F$3:$AR$32, 0, MATCH(M2, $F$2:$AR$2, 0)), 0)) -> PTE RIFQI | ... AR38: =INDEX($A$3:$A$32, MATCH("R2", INDEX($F$3:$AR$32, 0, MATCH(AR2, $F$2:$AR$2, 0)), 0)) -> PTE DARREN

Sheet August Master Duty Overview
A1: Duty Personnel Duty | B1: Total Points | C1: Duty Points | D1: Reserve Points | E1: Reserve Points 2 | F1: THURSDAY | G1: FRIDAY | H1: SATURDAY (AM) | I1: SATURDAY (PM) | J1: SUNDAY (AM) | K1: SUNDAY (PM) | L1: MONDAY | M1: TUESDAY | N1: WEDNESDAY | O1: THURSDAY | P1: FRIDAY (AM) | Q1: FRIDAY (PM) | R1: SATURDAY (AM) | S1: SATURDAY (PM) | T1: SUNDAY (AM) | U1: SUNDAY (PM) | V1: MONDAY | W1: TUESDAY | X1: WEDNESDAY | Y1: THURSDAY | Z1: FRIDAY | AA1: SATURDAY (AM) | AB1: SATURDAY (PM) | AC1: SUNDAY (AM) | AD1: SUNDAY (PM) | AE1: MONDAY | AF1: TUESDAY | AG1: WEDNESDAY | AH1: THURSDAY | AI1: FRIDAY | AJ1: SATURDAY (AM) | AK1: SATURDAY (PM) | AL1: SUNDAY (AM) | AM1: SUNDAY (PM) | AN1: MONDAY | AO1: TUESDAY | AP1: WEDNESDAY | AQ1: THURSDAY | AR1: FRIDAY | AS1: SATURDAY (AM) | AT1: SATURDAY (PM)
F2: 45505 | G2: 45506 | H2: 3-8-24 (AM) | I2: 3-8-24 (PM) | J2: 4-8-24 (AM) | K2: 4-8-24 (PM) | L2: 45509 | M2: 45510 | N2: 45511 | O2: 45512 | P2: 9-8-24 (AM) | Q2: 9-8-24 (PM) | R2: 10-8-24 (AM) | S2: 10-8-24 (PM) | T2: 11-8-24 (AM) | U2: 11-8-24 (PM) | V2: 45516 | W2: 45517 | X2: 45518 | Y2: 45519 | Z2: 45520 | AA2: 17-8-24 (AM) | AB2: 17-8-24 (PM) | AC2: 18-8-24 (AM) | AD2: 18-8-24 (PM) | AE2: 45523 | AF2: 45524 | AG2: 45525 | AH2: 45526 | AI2: 45527 | AJ2: 24-8-24 (AM) | AK2: 24-8-24 (PM) | AL2: 25-8-24 (AM) | AM2: 25-8-24 (PM) | AN2: 45530 | AO2: 45531 | AP2: 45532 | AQ2: 45533 | AR2: 45534 | AS2: 31-8-24 (AM) | AT2: 31-8-24 (PM)
A3: PTE EZRA | B3: =SUM(C3:D3) -> 4 | C3: =SUM(F3:AT3) -> 2 | D3: {=SUM(IF(F3:AT3="R",1,0))} -> 2 | E3: {=SUM(IF(F3:AT3="R2",1,0))} -> 2 | G3: r2 | H3: r2 | P3: 1 | V3: r | AM3: 1 | AR3: r
A4: LCP ERNEST | B4: =SUM(C4:D4) -> 5 | C4: =SUM(F4:AT4) -> 2 | D4: {=SUM(IF(F4:AT4="R",1,0))} -> 3 | E4: {=SUM(IF(F4:AT4="R2",1,0))} -> 2 | I4: 1 | K4: r | S4: r | Y4: r | AB4: r2 | AO4: r2 | AT4: 1
A5: PTE FIRMAN | B5: =SUM(C5:D5) -> 4 | C5: =SUM(F5:AT5) -> 2 | D5: {=SUM(IF(F5:AT5="R",1,0))} -> 2 | E5: {=SUM(IF(F5:AT5="R2",1,0))} -> 2 | I5: r | K5: r2 | M5: r | S5: 1 | AB5: 1 | AP5: r2
A6: PTE AFIF | B6: =SUM(C6:D6) -> 4 | C6: =SUM(F6:AT6) -> 2 | D6: {=SUM(IF(F6:AT6="R",1,0))} -> 2 | E6: {=SUM(IF(F6:AT6="R2",1,0))} -> 3 | I6: r2 | O6: r2 | R6: 1 | V6: 1 | AB6: r | AE6: r2 | AP6: r
A7: PTE ADAM | B7: =SUM(C7:D7) -> 5 | C7: =SUM(F7:AT7) -> 2 | D7: {=SUM(IF(F7:AT7="R",1,0))} -> 3 | E7: {=SUM(IF(F7:AT7="R2",1,0))} -> 2 | M7: r2 | Q7: 1 | U7: r | W7: r | AA7: r | AC7: r2 | AD7: 1
A8: LCP AMIRUL | B8: =SUM(C8:D8) -> 0 | C8: =SUM(F8:AT8) -> 0 | D8: {=SUM(IF(F8:AT8="R",1,0))} -> 0 | E8: {=SUM(IF(F8:AT8="R2",1,0))} -> 0
A9: CPL DANIEL | B9: =SUM(C9:D9) -> 5 | C9: =SUM(F9:AT9) -> 3 | D9: {=SUM(IF(F9:AT9="R",1,0))} -> 2 | E9: {=SUM(IF(F9:AT9="R2",1,0))} -> 2 | G9: 1 | Q9: r2 | AE9: 1 | AI9: 1 | AN9: r | AQ9: r2 | AT9: r
A10: PTE ANGELO | B10: =SUM(C10:D10) -> 4 | C10: =SUM(F10:AT10) -> 2 | D10: {=SUM(IF(F10:AT10="R",1,0))} -> 2 | E10: {=SUM(IF(F10:AT10="R2",1,0))} -> 2 | G10: r | W10: 1 | AA10: r2 | AF10: 1 | AH10: r | AI10: r2
A11: REC RUI FENG | B11: =SUM(C11:D11) -> 4 | C11: =SUM(F11:AT11) -> 2 | D11: {=SUM(IF(F11:AT11="R",1,0))} -> 2 | E11: {=SUM(IF(F11:AT11="R2",1,0))} -> 2 | R11: r | T11: r2 | AA11: 1 | AC11: r | AL11: 1 | AS11: r2
A12: PTE MATTHEW | B12: =SUM(C12:D12) -> 0 | C12: =SUM(F12:AT12) -> 0 | D12: {=SUM(IF(F12:AT12="R",1,0))} -> 0 | E12: {=SUM(IF(F12:AT12="R2",1,0))} -> 0
A13: REC ETHAN | B13: =SUM(C13:D13) -> 4 | C13: =SUM(F13:AT13) -> 2 | D13: {=SUM(IF(F13:AT13="R",1,0))} -> 2 | E13: {=SUM(IF(F13:AT13="R2",1,0))} -> 2 | AE13: r | AF13: r2 | AG13: 1 | AI13: r | AM13: r2 | AN13: 1
A14: PTE AMIN | C14: =SUM(F14:AT14) -> 3 | D14: {=SUM(IF(F14:AT14="R",1,0))} -> 2 | E14: {=SUM(IF(F14:AT14="R2",1,0))} -> 2 | H14: r | L14: 1 | O14: r | U14: 1 | V14: r2 | X14: r2 | Z14: 1
A15: PTE JASPER | B15: =SUM(C15:D15) -> 0 | C15: =SUM(F15:AT15) -> 0 | D15: {=SUM(IF(F15:AT15="R",1,0))} -> 0 | E15: {=SUM(IF(F15:AT15="R2",1,0))} -> 0
A16: REC PARAM | C16: =SUM(F16:AT16) -> 2 | D16: {=SUM(IF(F16:AT16="R",1,0))} -> 2 | E16: {=SUM(IF(F16:AT16="R2",1,0))} -> 2 | J16: 1 | R16: r2 | T16: r | AJ16: r | AL16: r2 | AS16: 1
A17: PTE RIFQI | B17: =SUM(C17:D17) -> 4 | C17: =SUM(F17:AT17) -> 2 | D17: {=SUM(IF(F17:AT17="R",1,0))} -> 2 | E17: {=SUM(IF(F17:AT17="R2",1,0))} -> 2 | H17: 1 | P17: r2 | AC17: 1 | AJ17: r2 | AL17: r | AS17: r
A18: PTE HAQIMI | B18: =SUM(C18:D18) -> 4 | C18: =SUM(F18:AT18) -> 2 | D18: {=SUM(IF(F18:AT18="R",1,0))} -> 2 | E18: {=SUM(IF(F18:AT18="R2",1,0))} -> 3 | F18: r2 | J18: r2 | K18: 1 | N18: 1 | AG18: r2 | AK18: r | AM18: r
A19: PTE DARREN | B19: =SUM(C19:D19) -> 4 | C19: =SUM(F19:AT19) -> 2 | D19: {=SUM(IF(F19:AT19="R",1,0))} -> 2 | E19: {=SUM(IF(F19:AT19="R2",1,0))} -> 2 | F19: 1 | L19: r2 | N19: r | X19: 1 | AK19: r2 | AO19: r
A20: PTE SAMEER | B20: =SUM(C20:D20) -> 0 | C20: =SUM(F20:AT20) -> 0 | D20: {=SUM(IF(F20:AT20="R",1,0))} -> 0 | E20: {=SUM(IF(F20:AT20="R2",1,0))} -> 0
A21: PTE XIAO YU | B21: =SUM(C21:D21) -> 4 | C21: =SUM(F21:AT21) -> 2 | D21: {=SUM(IF(F21:AT21="R",1,0))} -> 2 | E21: {=SUM(IF(F21:AT21="R2",1,0))} -> 2 | F21: r | N21: r2 | Y21: 1 | AD21: r | AR21: 1 | AT21: r2
A22: SCT YUSUF | C22: =SUM(F22:AT22) -> 2 | D22: {=SUM(IF(F22:AT22="R",1,0))} -> 2 | E22: {=SUM(IF(F22:AT22="R2",1,0))} -> 2 | L22: r | O22: 1 | AH22: 1 | AN22: r2 | AQ22: r | AR22: r2
A23: PTE HOI REI | C23: =SUM(F23:AT23) -> 3 | D23: {=SUM(IF(F23:AT23="R",1,0))} -> 2 | E23: {=SUM(IF(F23:AT23="R2",1,0))} -> 2 | M23: 1 | P23: r | Y23: r2 | AD23: r2 | AG23: r | AJ23: 1 | AO23: 1
A24: PTE REUVEN | B24: =SUM(C24:D24) -> 0 | C24: =SUM(F24:AT24) -> 0 | D24: {=SUM(IF(F24:AT24="R",1,0))} -> 0 | E24: {=SUM(IF(F24:AT24="R2",1,0))} -> 0
A25: PTE HAO QIAN | B25: =SUM(C25:D25) -> 5 | C25: =SUM(F25:AT25) -> 2 | D25: {=SUM(IF(F25:AT25="R",1,0))} -> 3 | E25: {=SUM(IF(F25:AT25="R2",1,0))} -> 2 | J25: r | Q25: r | S25: r2 | T25: 1 | U25: r2 | Z25: r | AP25: 1
A26: PTE JIREH | B26: =SUM(C26:D26) -> 4 | C26: =SUM(F26:AT26) -> 2 | D26: {=SUM(IF(F26:AT26="R",1,0))} -> 2 | E26: {=SUM(IF(F26:AT26="R2",1,0))} -> 3 | W26: r2 | X26: r | Z26: r2 | AF26: r | AH26: r2 | AK26: 1 | AQ26: 1
A27: Total | B27: =SUM(B4:B13) -> 35 | C27: =SUM(F27:AT27) -> 41 | F27: =SUM(F3:F26) -> 1 | G27: =SUM(G3:G26) -> 1 | H27: =SUM(H3:H26) -> 1 | I27: =SUM(I3:I26) -> 1 | J27: =SUM(J3:J26) -> 1 | K27: =SUM(K3:K26) -> 1 | L27: =SUM(L3:L26) -> 1 | M27: =SUM(M3:M26) -> 1 | ... AT27: =SUM(AT3:AT26) -> 1
A28: Reserve 1 | B28: =SUM(F28:AR28) -> 39 | C28: =SUM(F28:AT28) -> 41 | F28: {=SUM(IF(F3:F26="R",1,0))} -> 1 | G28: {=SUM(IF(G3:G26="R",1,0))} -> 1 | H28: {=SUM(IF(H3:H26="R",1,0))} -> 1 | I28: {=SUM(IF(I3:I26="R",1,0))} -> 1 | J28: {=SUM(IF(J3:J26="R",1,0))} -> 1 | K28: {=SUM(IF(K3:K26="R",1,0))} -> 1 | L28: {=SUM(IF(L3:L26="R",1,0))} -> 1 | M28: {=SUM(IF(M3:M26="R",1,0))} -> 1 | ... AT28: {=SUM(IF(AT3:AT26="R",1,0))} -> 1
A29: Reserve 2 | B29: =SUM(F29:AR29) -> 39 | C29: =SUM(F29:AT29) -> 41 | F29: {=SUM(IF(F3:F26="R2",1,0))} -> 1 | G29: {=SUM(IF(G3:G26="R2",1,0))} -> 1 | H29: {=SUM(IF(H3:H26="R2",1,0))} -> 1 | I29: {=SUM(IF(I3:I26="R2",1,0))} -> 1 | J29: {=SUM(IF(J3:J26="R2",1,0))} -> 1 | K29: {=SUM(IF(K3:K26="R2",1,0))} -> 1 | L29: {=SUM(IF(L3:L26="R2",1,0))} -> 1 | M29: {=SUM(IF(M3:M26="R2",1,0))} -> 1 | ... AT29: {=SUM(IF(AT3:AT26="R2",1,0))} -> 1
E30: Duty Clerk | F30: =IFERROR(INDEX($A$3:$A$26, MATCH(1, INDEX($F$3:$AT$26, 0, MATCH(F2, $F$2:$AT$2, 0)), 0)), INDEX($A$3:$A$26, MATCH(1, INDEX($F$3:$AT$26, 0, MATCH(F2&" AM", $F$2:$AT$2, 0)), 0))) -> PTE DARREN | G30: =IFERROR(INDEX($A$3:$A$26, MATCH(1, INDEX($F$3:$AT$26, 0, MATCH(G2, $F$2:$AT$2, 0)), 0)), INDEX($A$3:$A$26, MATCH(1, INDEX($F$3:$AT$26, 0, MATCH(G2&" AM", $F$2:$AT$2, 0)), 0))) -> CPL DANIEL | H30: =IFERROR(INDEX($A$3:$A$26, MATCH(1, INDEX($F$3:$AT$26, 0, MATCH(H2, $F$2:$AT$2, 0)), 0)), INDEX($A$3:$A$26, MATCH(1, INDEX($F$3:$AT$26, 0, MATCH(H2&" AM", $F$2:$AT$2, 0)), 0))) -> PTE RIFQI | I30: =IFERROR(INDEX($A$3:$A$26, MATCH(1, INDEX($F$3:$AT$26, 0, MATCH(I2, $F$2:$AT$2, 0)), 0)), INDEX($A$3:$A$26, MATCH(1, INDEX($F$3:$AT$26, 0, MATCH(I2&" AM", $F$2:$AT$2, 0)), 0))) -> LCP ERNEST | J30: =IFERROR(INDEX($A$3:$A$26, MATCH(1, INDEX($F$3:$AT$26, 0, MATCH(J2, $F$2:$AT$2, 0)), 0)), INDEX($A$3:$A$26, MATCH(1, INDEX($F$3:$AT$26, 0, MATCH(J2&" AM", $F$2:$AT$2, 0)), 0))) -> REC PARAM | K30: =IFERROR(INDEX($A$3:$A$26, MATCH(1, INDEX($F$3:$AT$26, 0, MATCH(K2, $F$2:$AT$2, 0)), 0)), INDEX($A$3:$A$26, MATCH(1, INDEX($F$3:$AT$26, 0, MATCH(K2&" AM", $F$2:$AT$2, 0)), 0))) -> PTE HAQIMI | L30: =IFERROR(INDEX($A$3:$A$26, MATCH(1, INDEX($F$3:$AT$26, 0, MATCH(L2, $F$2:$AT$2, 0)), 0)), INDEX($A$3:$A$26, MATCH(1, INDEX($F$3:$AT$26, 0, MATCH(L2&" AM", $F$2:$AT$2, 0)), 0))) -> PTE AMIN | M30: =IFERROR(INDEX($A$3:$A$26, MATCH(1, INDEX($F$3:$AT$26, 0, MATCH(M2, $F$2:$AT$2, 0)), 0)), INDEX($A$3:$A$26, MATCH(1, INDEX($F$3:$AT$26, 0, MATCH(M2&" AM", $F$2:$AT$2, 0)), 0))) -> PTE HOI REI | ... AT30: =IFERROR(INDEX($A$3:$A$26, MATCH(1, INDEX($F$3:$AT$26, 0, MATCH(AT2, $F$2:$AT$2, 0)), 0)), INDEX($A$3:$A$26, MATCH(1, INDEX($F$3:$AT$26, 0, MATCH(AT2&" AM", $F$2:$AT$2, 0)), 0))) -> LCP ERNEST
E31: Reserve | F31: =INDEX($A$3:$A$26, MATCH("R", INDEX($F$3:$AT$26, 0, MATCH(F2, $F$2:$AT$2, 0)), 0)) -> PTE XIAO YU | G31: =INDEX($A$3:$A$26, MATCH("R", INDEX($F$3:$AT$26, 0, MATCH(G2, $F$2:$AT$2, 0)), 0)) -> PTE ANGELO | H31: =INDEX($A$3:$A$26, MATCH("R", INDEX($F$3:$AT$26, 0, MATCH(H2, $F$2:$AT$2, 0)), 0)) -> PTE AMIN | I31: =INDEX($A$3:$A$26, MATCH("R", INDEX($F$3:$AT$26, 0, MATCH(I2, $F$2:$AT$2, 0)), 0)) -> PTE FIRMAN | J31: =INDEX($A$3:$A$26, MATCH("R", INDEX($F$3:$AT$26, 0, MATCH(J2, $F$2:$AT$2, 0)), 0)) -> PTE HAO QIAN | K31: =INDEX($A$3:$A$26, MATCH("R", INDEX($F$3:$AT$26, 0, MATCH(K2, $F$2:$AT$2, 0)), 0)) -> LCP ERNEST | L31: =INDEX($A$3:$A$26, MATCH("R", INDEX($F$3:$AT$26, 0, MATCH(L2, $F$2:$AT$2, 0)), 0)) -> SCT YUSUF | M31: =INDEX($A$3:$A$26, MATCH("R", INDEX($F$3:$AT$26, 0, MATCH(M2, $F$2:$AT$2, 0)), 0)) -> PTE FIRMAN | ... AT31: =INDEX($A$3:$A$26, MATCH("R", INDEX($F$3:$AT$26, 0, MATCH(AT2, $F$2:$AT$2, 0)), 0)) -> CPL DANIEL
E32: Reserve 2 | F32: =INDEX($A$3:$A$26, MATCH("R2", INDEX($F$3:$AT$26, 0, MATCH(F2, $F$2:$AT$2, 0)), 0)) -> PTE HAQIMI | G32: =INDEX($A$3:$A$26, MATCH("R2", INDEX($F$3:$AT$26, 0, MATCH(G2, $F$2:$AT$2, 0)), 0)) -> PTE EZRA | H32: =INDEX($A$3:$A$26, MATCH("R2", INDEX($F$3:$AT$26, 0, MATCH(H2, $F$2:$AT$2, 0)), 0)) -> PTE EZRA | I32: =INDEX($A$3:$A$26, MATCH("R2", INDEX($F$3:$AT$26, 0, MATCH(I2, $F$2:$AT$2, 0)), 0)) -> PTE AFIF | J32: =INDEX($A$3:$A$26, MATCH("R2", INDEX($F$3:$AT$26, 0, MATCH(J2, $F$2:$AT$2, 0)), 0)) -> PTE HAQIMI | K32: =INDEX($A$3:$A$26, MATCH("R2", INDEX($F$3:$AT$26, 0, MATCH(K2, $F$2:$AT$2, 0)), 0)) -> PTE FIRMAN | L32: =INDEX($A$3:$A$26, MATCH("R2", INDEX($F$3:$AT$26, 0, MATCH(L2, $F$2:$AT$2, 0)), 0)) -> PTE DARREN | M32: =INDEX($A$3:$A$26, MATCH("R2", INDEX($F$3:$AT$26, 0, MATCH(M2, $F$2:$AT$2, 0)), 0)) -> PTE ADAM | ... AT32: =INDEX($A$3:$A$26, MATCH("R2", INDEX($F$3:$AT$26, 0, MATCH(AT2, $F$2:$AT$2, 0)), 0)) -> PTE XIAO YU
A36: Excuse Stay in
A37: PA
A38: R&D
A39: RM
A40: PR
A41: MEDIA
A42: TCRS 3
A43: OPS RM
A44: TRG BR

Sheet September Master Duty Overview
B1: Total Points | C1: Duty Points | D1: Reserve Points | E1: Reserve Points 2 | F1: SUNDAY (AM) | G1: SUNDAY (PM) | H1: MONDAY | I1: TUESDAY | J1: WEDNESDAY | K1: THURSDAY | L1: FRIDAY | M1: SATURDAY (AM) | N1: SATURDAY (PM) | O1: SUNDAY (AM) | P1: SUNDAY (PM) | Q1: MONDAY | R1: TUESDAY | S1: WEDNESDAY | T1: THURSDAY | U1: FRIDAY | V1: SATURDAY (AM) | W1: SATURDAY (PM) | X1: SUNDAY (AM) | Y1: SUNDAY (PM) | Z1: MONDAY | AA1: TUESDAY | AB1: WEDNESDAY | AC1: THURSDAY | AD1: FRIDAY | AE1: SATURDAY (AM) | AF1: SATURDAY (PM) | AG1: SUNDAY (AM) | AH1: SUNDAY (PM) | AI1: MONDAY | AJ1: TUESDAY | AK1: WEDNESDAY | AL1: THURSDAY | AM1: FRIDAY | AN1: SATURDAY (AM) | AO1: SATURDAY (PM) | AP1: SUNDAY (AM) | AQ1: SUNDAY (PM) | AR1: MONDAY
F2: 1-9-24 (AM) | G2: 1-9-24 (PM) | H2: 45537 | I2: 45538 | J2: 45539 | K2: 45540 | L2: 45541 | M2: 7-9-24 (AM) | N2: 7-9-24 (PM) | O2: 8-9-24 (AM) | P2: 8-9-24 (PM) | Q2: 45544 | R2: 45545 | S2: 45546 | T2: 45547 | U2: 45548 | V2: 14-9-24 (AM) | W2: 14-9-24 (PM) | X2: 15-9-24 (AM) | Y2: 15-9-24 (PM) | Z2: 45551 | AA2: 45552 | AB2: 45553 | AC2: 45554 | AD2: 45555 | AE2: 21-9-24 (AM) | AF2: 21-9-24 (PM) | AG2: 22-9-24 (AM) | AH2: 22-9-24 (PM) | AI2: 45527 | AJ2: 45528 | AK2: 45529 | AL2: 45530 | AM2: 45531 | AN2: 28-9-24 (AM) | AO2: 28-9-24 (PM) | AP2: 29-9-24 (AM) | AQ2: 29-9-24 (PM) | AR2: 45565
A3: PTE EZRA | B3: =SUM(C3:D3) -> 3 | C3: =SUM(F3:AR3) -> 1 | D3: {=SUM(IF(F3:AR3="R",1,0))} -> 2 | E3: {=SUM(IF(F3:AR3="R2",1,0))} -> 2 | L3: r | N3: r2 | P3: 1 | T3: r | Y3: r2
A4: LCP ERNEST | B4: =SUM(C4:D4) -> 2 | C4: =SUM(F4:AR4) -> 1 | D4: {=SUM(IF(F4:AR4="R",1,0))} -> 1 | E4: {=SUM(IF(F4:AR4="R2",1,0))} -> 2 | H4: r2 | V4: r | AC4: 1 | AF4: r2
A5: LCP FIRMAN | B5: =SUM(C5:D5) -> 2 | C5: =SUM(F5:AR5) -> 1 | D5: {=SUM(IF(F5:AR5="R",1,0))} -> 1 | E5: {=SUM(IF(F5:AR5="R2",1,0))} -> 2 | T5: r2 | AB5: r2 | AC5: r | AF5: 1
A6: PTE AFIF | B6: =SUM(C6:D6) -> 2 | C6: =SUM(F6:AR6) -> 1 | D6: {=SUM(IF(F6:AR6="R",1,0))} -> 1 | E6: {=SUM(IF(F6:AR6="R2",1,0))} -> 2 | R6: r2 | AC6: r2 | AF6: r | AI6: 1
A7: LCP ADAM | B7: =SUM(C7:D7) -> 3 | C7: =SUM(F7:AR7) -> 1 | D7: {=SUM(IF(F7:AR7="R",1,0))} -> 2 | E7: {=SUM(IF(F7:AR7="R2",1,0))} -> 2 | I7: r2 | P7: r2 | U7: r | W7: r | Y7: 1
A8: LCP AMIRUL | B8: =SUM(C8:D8) -> 4 | C8: =SUM(F8:AR8) -> 2 | D8: {=SUM(IF(F8:AR8="R",1,0))} -> 2 | E8: {=SUM(IF(F8:AR8="R2",1,0))} -> 2 | H8: 1 | U8: 1 | W8: r2 | Y8: r | AL8: r | AN8: r2
A9: SCT DANIEL | B9: =SUM(C9:D9) -> 3 | C9: =SUM(F9:AR9) -> 1 | D9: {=SUM(IF(F9:AR9="R",1,0))} -> 2 | E9: {=SUM(IF(F9:AR9="R2",1,0))} -> 1 | G9: r2 | J9: r | AJ9: r | AL9: 1
A10: PTE ANGELO | B10: =SUM(C10:D10) -> 4 | C10: =SUM(F10:AR10) -> 2 | D10: {=SUM(IF(F10:AR10="R",1,0))} -> 2 | E10: {=SUM(IF(F10:AR10="R2",1,0))} -> 1 | I10: r | W10: 1 | AJ10: 1 | AM10: r2 | AO10: r
A11: REC RUI FENG | B11: =SUM(C11:D11) -> 4 | C11: =SUM(F11:AR11) -> 2 | D11: {=SUM(IF(F11:AR11="R",1,0))} -> 2 | E11: {=SUM(IF(F11:AR11="R2",1,0))} -> 1 | F11: r2 | V11: 1 | AE11: r | AN11: 1 | AP11: r
A12: PTE MATTHEW | B12: =SUM(C12:D12) -> 0 | C12: =SUM(F12:AR12) -> 0 | D12: {=SUM(IF(F12:AR12="R",1,0))} -> 0 | E12: {=SUM(IF(F12:AR12="R2",1,0))} -> 0
A13: REC ETHAN | B13: =SUM(C13:D13) -> 0 | C13: =SUM(F13:AR13) -> 0 | D13: {=SUM(IF(F13:AR13="R",1,0))} -> 0 | E13: {=SUM(IF(F13:AR13="R2",1,0))} -> 0
A14: PTE AMIN | C14: =SUM(F14:AR14) -> 2 | D14: {=SUM(IF(F14:AR14="R",1,0))} -> 2 | E14: {=SUM(IF(F14:AR14="R2",1,0))} -> 2 | J14: r2 | K14: r | L14: 1 | AB14: r | AG14: r2 | AH14: 1
A15: PTE JASPER | B15: =SUM(C15:D15) -> 4 | C15: =SUM(F15:AR15) -> 2 | D15: {=SUM(IF(F15:AR15="R",1,0))} -> 2 | E15: {=SUM(IF(F15:AR15="R2",1,0))} -> 2 | F15: r | J15: 1 | K15: r2 | M15: r2 | AB15: 1 | AN15: r
A16: REC PARAM | C16: =SUM(F16:AR16) -> 2 | D16: {=SUM(IF(F16:AR16="R",1,0))} -> 1 | E16: {=SUM(IF(F16:AR16="R2",1,0))} -> 1 | M16: 1 | O16: r2 | X16: r | AG16: 1
A17: PTE RIFQI | B17: =SUM(C17:D17) -> 4 | C17: =SUM(F17:AR17) -> 2 | D17: {=SUM(IF(F17:AR17="R",1,0))} -> 2 | E17: {=SUM(IF(F17:AR17="R2",1,0))} -> 1 | M17: r | O17: 1 | X17: r2 | AG17: r | AP17: 1
A18: REC ASH | C18: =SUM(F18:AR18) -> 2 | D18: {=SUM(IF(F18:AR18="R",1,0))} -> 1 | E18: {=SUM(IF(F18:AR18="R2",1,0))} -> 2 | F18: 1 | O18: r | V18: r2 | X18: 1 | AP18: r2
A19: PTE HAQIMI | B19: =SUM(C19:D19) -> 3 | C19: =SUM(F19:AR19) -> 1 | D19: {=SUM(IF(F19:AR19="R",1,0))} -> 2 | E19: {=SUM(IF(F19:AR19="R2",1,0))} -> 1 | K19: 1 | N19: r | Q19: r | AA19: r2
A20: PTE DARREN | B20: =SUM(C20:D20) -> 3 | C20: =SUM(F20:AR20) -> 2 | D20: {=SUM(IF(F20:AR20="R",1,0))} -> 1 | E20: {=SUM(IF(F20:AR20="R2",1,0))} -> 2 | Q20: 1 | S20: r2 | AA20: r | AD20: r2 | AM20: 1
A21: PTE SAMEER | B21: =SUM(C21:D21) -> 4 | C21: =SUM(F21:AR21) -> 2 | D21: {=SUM(IF(F21:AR21="R",1,0))} -> 2 | E21: {=SUM(IF(F21:AR21="R2",1,0))} -> 2 | Q21: r2 | S21: r | AA21: 1 | AE21: 1 | AH21: r | AL21: r2
A22: PTE XIAO YU | B22: =SUM(C22:D22) -> 4 | C22: =SUM(F22:AR22) -> 2 | D22: {=SUM(IF(F22:AR22="R",1,0))} -> 2 | E22: {=SUM(IF(F22:AR22="R2",1,0))} -> 2 | Z22: 1 | AE22: r2 | AI22: r2 | AM22: r | AO22: 1 | AQ22: r
A23: SCT YUSUF | C23: =SUM(F23:AR23) -> 0 | D23: {=SUM(IF(F23:AR23="R",1,0))} -> 0 | E23: {=SUM(IF(F23:AR23="R2",1,0))} -> 0
A24: PTE HOI REI | C24: =SUM(F24:AR24) -> 2 | D24: {=SUM(IF(F24:AR24="R",1,0))} -> 2 | E24: {=SUM(IF(F24:AR24="R2",1,0))} -> 2 | I24: 1 | S24: 1 | Z24: r | AH24: r2 | AI24: r | AR24: r2
A25: PTE REUVEN | B25: =SUM(C25:D25) -> 0 | C25: =SUM(F25:AR25) -> 0 | D25: {=SUM(IF(F25:AR25="R",1,0))} -> 0 | E25: {=SUM(IF(F25:AR25="R2",1,0))} -> 0
A26: PTE HAO QIAN | B26: =SUM(C26:D26) -> 4 | C26: =SUM(F26:AR26) -> 2 | D26: {=SUM(IF(F26:AR26="R",1,0))} -> 2 | E26: {=SUM(IF(F26:AR26="R2",1,0))} -> 2 | G26: r | R26: r | Z26: r2 | AD26: 1 | AK26: r2 | AQ26: 1
A27: PTE JIREH | B27: =SUM(C27:D27) -> 3 | C27: =SUM(F27:AR27) -> 2 | D27: {=SUM(IF(F27:AR27="R",1,0))} -> 1 | E27: {=SUM(IF(F27:AR27="R2",1,0))} -> 2 | G27: 1 | R27: 1 | AD27: r | AJ27: r2 | AO27: r2
A28: PTE IDHAR | C28: =SUM(F28:AR28) -> 2 | D28: {=SUM(IF(F28:AR28="R",1,0))} -> 2 | E28: {=SUM(IF(F28:AR28="R2",1,0))} -> 2 | H28: r | L28: r2 | N28: 1 | U28: r2 | AK28: 1 | AR28: r
A29: PTE OREDAIN | C29: =SUM(F29:AR29) -> 2 | D29: {=SUM(IF(F29:AR29="R",1,0))} -> 2 | E29: {=SUM(IF(F29:AR29="R2",1,0))} -> 1 | P29: r | T29: 1 | AK29: r | AQ29: r2 | AR29: 1
A30: Total | B30: =SUM(B4:B13) -> 24 | C30: =SUM(F30:AR30) -> 39 | F30: =SUM(F3:F29) -> 1 | G30: =SUM(G3:G29) -> 1 | H30: =SUM(H3:H29) -> 1 | I30: =SUM(I3:I29) -> 1 | J30: =SUM(J3:J29) -> 1 | K30: =SUM(K3:K29) -> 1 | L30: =SUM(L3:L29) -> 1 | M30: =SUM(M3:M29) -> 1 | ... AR30: =SUM(AR3:AR29) -> 1
A31: Reserve 1 | B31: =SUM(F31:AR31) -> 39 | C31: =SUM(F31:AR31) -> 39 | F31: {=SUM(IF(F3:F29="R",1,0))} -> 1 | G31: {=SUM(IF(G3:G29="R",1,0))} -> 1 | H31: {=SUM(IF(H3:H29="R",1,0))} -> 1 | I31: {=SUM(IF(I3:I29="R",1,0))} -> 1 | J31: {=SUM(IF(J3:J29="R",1,0))} -> 1 | K31: {=SUM(IF(K3:K29="R",1,0))} -> 1 | L31: {=SUM(IF(L3:L29="R",1,0))} -> 1 | M31: {=SUM(IF(M3:M29="R",1,0))} -> 1 | ... AR31: {=SUM(IF(AR3:AR29="R",1,0))} -> 1
A32: Reserve 2 | B32: =SUM(F32:AR32) -> 39 | C32: =SUM(F32:AR32) -> 39 | F32: {=SUM(IF(F3:F29="R2",1,0))} -> 1 | G32: {=SUM(IF(G3:G29="R2",1,0))} -> 1 | H32: {=SUM(IF(H3:H29="R2",1,0))} -> 1 | I32: {=SUM(IF(I3:I29="R2",1,0))} -> 1 | J32: {=SUM(IF(J3:J29="R2",1,0))} -> 1 | K32: {=SUM(IF(K3:K29="R2",1,0))} -> 1 | L32: {=SUM(IF(L3:L29="R2",1,0))} -> 1 | M32: {=SUM(IF(M3:M29="R2",1,0))} -> 1 | ... AR32: {=SUM(IF(AR3:AR29="R2",1,0))} -> 1
A33: Total Days | C33: =COUNTA(F1:AR1) -> 39 | E33: Duty Clerk | F33: =IFERROR(INDEX($A$3:$A$29, MATCH(1, INDEX($F$3:$AR$29, 0, MATCH(F2, $F$2:$AR$2, 0)), 0)), INDEX($A$3:$A$29, MATCH(1, INDEX($F$3:$AR$29, 0, MATCH(F2&" AM", $F$2:$AR$2, 0)), 0))) -> REC ASH | G33: =IFERROR(INDEX($A$3:$A$29, MATCH(1, INDEX($F$3:$AR$29, 0, MATCH(G2, $F$2:$AR$2, 0)), 0)), INDEX($A$3:$A$29, MATCH(1, INDEX($F$3:$AR$29, 0, MATCH(G2&" AM", $F$2:$AR$2, 0)), 0))) -> PTE JIREH | H33: =IFERROR(INDEX($A$3:$A$29, MATCH(1, INDEX($F$3:$AR$29, 0, MATCH(H2, $F$2:$AR$2, 0)), 0)), INDEX($A$3:$A$29, MATCH(1, INDEX($F$3:$AR$29, 0, MATCH(H2&" AM", $F$2:$AR$2, 0)), 0))) -> LCP AMIRUL | I33: =IFERROR(INDEX($A$3:$A$29, MATCH(1, INDEX($F$3:$AR$29, 0, MATCH(I2, $F$2:$AR$2, 0)), 0)), INDEX($A$3:$A$29, MATCH(1, INDEX($F$3:$AR$29, 0, MATCH(I2&" AM", $F$2:$AR$2, 0)), 0))) -> PTE HOI REI | J33: =IFERROR(INDEX($A$3:$A$29, MATCH(1, INDEX($F$3:$AR$29, 0, MATCH(J2, $F$2:$AR$2, 0)), 0)), INDEX($A$3:$A$29, MATCH(1, INDEX($F$3:$AR$29, 0, MATCH(J2&" AM", $F$2:$AR$2, 0)), 0))) -> PTE JASPER | K33: =IFERROR(INDEX($A$3:$A$29, MATCH(1, INDEX($F$3:$AR$29, 0, MATCH(K2, $F$2:$AR$2, 0)), 0)), INDEX($A$3:$A$29, MATCH(1, INDEX($F$3:$AR$29, 0, MATCH(K2&" AM", $F$2:$AR$2, 0)), 0))) -> PTE HAQIMI | L33: =IFERROR(INDEX($A$3:$A$29, MATCH(1, INDEX($F$3:$AR$29, 0, MATCH(L2, $F$2:$AR$2, 0)), 0)), INDEX($A$3:$A$29, MATCH(1, INDEX($F$3:$AR$29, 0, MATCH(L2&" AM", $F$2:$AR$2, 0)), 0))) -> PTE AMIN | M33: =IFERROR(INDEX($A$3:$A$29, MATCH(1, INDEX($F$3:$AR$29, 0, MATCH(M2, $F$2:$AR$2, 0)), 0)), INDEX($A$3:$A$29, MATCH(1, INDEX($F$3:$AR$29, 0, MATCH(M2&" AM", $F$2:$AR$2, 0)), 0))) -> REC PARAM | ... AR33: =IFERROR(INDEX($A$3:$A$29, MATCH(1, INDEX($F$3:$AR$29, 0, MATCH(AR2, $F$2:$AR$2, 0)), 0)), INDEX($A$3:$A$29, MATCH(1, INDEX($F$3:$AR$29, 0, MATCH(AR2&" AM", $F$2:$AR$2, 0)), 0))) -> PTE OREDAIN
A34: Total Personnel | C34: =SUBTOTAL(103, $A$3:$A$29) -> 23 | E34: Reserve | F34: =INDEX($A$3:$A$29, MATCH("R", INDEX($F$3:$AR$29, 0, MATCH(F2, $F$2:$AR$2, 0)), 0)) -> PTE JASPER | G34: =INDEX($A$3:$A$29, MATCH("R", INDEX($F$3:$AR$29, 0, MATCH(G2, $F$2:$AR$2, 0)), 0)) -> PTE HAO QIAN | H34: =INDEX($A$3:$A$29, MATCH("R", INDEX($F$3:$AR$29, 0, MATCH(H2, $F$2:$AR$2, 0)), 0)) -> PTE IDHAR | I34: =INDEX($A$3:$A$29, MATCH("R", INDEX($F$3:$AR$29, 0, MATCH(I2, $F$2:$AR$2, 0)), 0)) -> PTE ANGELO | J34: =INDEX($A$3:$A$29, MATCH("R", INDEX($F$3:$AR$29, 0, MATCH(J2, $F$2:$AR$2, 0)), 0)) -> SCT DANIEL | K34: =INDEX($A$3:$A$29, MATCH("R", INDEX($F$3:$AR$29, 0, MATCH(K2, $F$2:$AR$2, 0)), 0)) -> PTE AMIN | L34: =INDEX($A$3:$A$29, MATCH("R", INDEX($F$3:$AR$29, 0, MATCH(L2, $F$2:$AR$2, 0)), 0)) -> PTE EZRA | M34: =INDEX($A$3:$A$29, MATCH("R", INDEX($F$3:$AR$29, 0, MATCH(M2, $F$2:$AR$2, 0)), 0)) -> PTE RIFQI | ... AR34: =INDEX($A$3:$A$29, MATCH("R", INDEX($F$3:$AR$29, 0, MATCH(AR2, $F$2:$AR$2, 0)), 0)) -> PTE IDHAR
E35: Reserve 2 | F35: =INDEX($A$3:$A$29, MATCH("R2", INDEX($F$3:$AR$29, 0, MATCH(F2, $F$2:$AR$2, 0)), 0)) -> REC RUI FENG | G35: =INDEX($A$3:$A$29, MATCH("R2", INDEX($F$3:$AR$29, 0, MATCH(G2, $F$2:$AR$2, 0)), 0)) -> SCT DANIEL | H35: =INDEX($A$3:$A$29, MATCH("R2", INDEX($F$3:$AR$29, 0, MATCH(H2, $F$2:$AR$2, 0)), 0)) -> LCP ERNEST | I35: =INDEX($A$3:$A$29, MATCH("R2", INDEX($F$3:$AR$29, 0, MATCH(I2, $F$2:$AR$2, 0)), 0)) -> LCP ADAM | J35: =INDEX($A$3:$A$29, MATCH("R2", INDEX($F$3:$AR$29, 0, MATCH(J2, $F$2:$AR$2, 0)), 0)) -> PTE AMIN | K35: =INDEX($A$3:$A$29, MATCH("R2", INDEX($F$3:$AR$29, 0, MATCH(K2, $F$2:$AR$2, 0)), 0)) -> PTE JASPER | L35: =INDEX($A$3:$A$29, MATCH("R2", INDEX($F$3:$AR$29, 0, MATCH(L2, $F$2:$AR$2, 0)), 0)) -> PTE IDHAR | M35: =INDEX($A$3:$A$29, MATCH("R2", INDEX($F$3:$AR$29, 0, MATCH(M2, $F$2:$AR$2, 0)), 0)) -> PTE JASPER | ... AR35: =INDEX($A$3:$A$29, MATCH("R2", INDEX($F$3:$AR$29, 0, MATCH(AR2, $F$2:$AR$2, 0)), 0)) -> PTE HOI REI
A39: Excuse Stay in
A40: PA
A41: R&D
A42: RM
A43: PR
A44: MEDIA
A45: TCRS 3
A46: OPS RM
A47: TRG BR

Sheet October Master Duty Overview
A1: Duty Personnel Duty | B1: Total Points | C1: Duty Points | D1: Reserve Points | E1: Reserve Points 2 | F1: TUESDAY | G1: WEDNESDAY | H1: THURSDAY | I1: FRIDAY | J1: SATURDAY (AM) | K1: SATURDAY (PM) | L1: SUNDAY (AM) | M1: SUNDAY (PM) | N1: MONDAY | O1: TUESDAY | P1: WEDNESDAY | Q1: THURSDAY | R1: FRIDAY | S1: SATURDAY (AM) | T1: SATURDAY (PM) | U1: SUNDAY (AM) | V1: SUNDAY (PM) | W1: MONDAY | X1: TUESDAY | Y1: WEDNESDAY | Z1: THURSDAY | AA1: FRIDAY | AB1: SATURDAY (AM) | AC1: SATURDAY (PM) | AD1: SUNDAY (AM) | AE1: SUNDAY (PM) | AF1: MONDAY | AG1: TUESDAY | AH1: WEDNESDAY | AI1: THURSDAY | AJ1: FRIDAY | AK1: SATURDAY (AM) | AL1: SATURDAY (PM) | AM1: SUNDAY (AM) | AN1: SUNDAY (PM) | AO1: MONDAY | AP1: TUESDAY | AQ1: WEDNESDAY | AR1: THURSDAY (AM) | AS1: THURSDAY (PM)
F2: 45566 | G2: 45567 | H2: 45568 | I2: 45569 | J2: 5-10-24 (AM) | K2: 5-10-24 (PM) | L2: 6-10-24 (AM) | M2: 6-10-24 (PM) | N2: 45572 | O2: 45573 | P2: 45574 | Q2: 45575 | R2: 45576 | S2: 12-10-24 (AM) | T2: 12-10-24 (PM) | U2: 13-10-24 (AM) | V2: 13-10-24 (PM) | W2: 45579 | X2: 45580 | Y2: 45581 | Z2: 45582 | AA2: 45583 | AB2: 19-10-24 (AM) | AC2: 19-10-24 (PM) | AD2: 20-10-24 (AM) | AE2: 20-10-24 (PM) | AF2: 45586 | AG2: 45587 | AH2: 45588 | AI2: 45589 | AJ2: 45590 | AK2: 26-10-24 (AM) | AL2: 26-10-24 (PM) | AM2: 27-10-24 (AM) | AN2: 27-10-24 (PM) | AO2: 45593 | AP2: 45594 | AQ2: 45595 | AR2: 31-10-24 (PAM) | AS2: 31-10-24 (PPM)
A3: PTE EZRA | B3: =SUM(C3:D3) -> 3 | C3: =SUM(F3:AS3) -> 2 | D3: {=SUM(IF(F3:AS3="R",1,0))} -> 1 | E3: {=SUM(IF(F3:AS3="R2",1,0))} -> 1 | L3: R2 | W3: r | AC3: 1 | AR3: 1
A4: LCP ERNEST | B4: =SUM(C4:D4) -> 4 | C4: =SUM(F4:AS4) -> 2 | D4: {=SUM(IF(F4:AS4="R",1,0))} -> 2 | E4: {=SUM(IF(F4:AS4="R2",1,0))} -> 1 | M4: 1 | R4: r2 | AE4: r | AG4: r | AP4: 1
A5: LCP FIRMAN | B5: =SUM(C5:D5) -> 3 | C5: =SUM(F5:AS5) -> 2 | D5: {=SUM(IF(F5:AS5="R",1,0))} -> 1 | E5: {=SUM(IF(F5:AS5="R2",1,0))} -> 2 | T5: 1 | V5: r2 | AM5: 1 | AN5: r2 | AP5: r
A6: PTE AFIF | B6: =SUM(C6:D6) -> 4 | C6: =SUM(F6:AS6) -> 2 | D6: {=SUM(IF(F6:AS6="R",1,0))} -> 2 | E6: {=SUM(IF(F6:AS6="R2",1,0))} -> 2 | AD6: 1 | AM6: r2 | AN6: 1 | AP6: r2 | AQ6: r | AS6: r
A7: PTE DYLAN | C7: =SUM(F7:AS7) -> 1 | D7: {=SUM(IF(F7:AS7="R",1,0))} -> 1 | E7: {=SUM(IF(F7:AS7="R2",1,0))} -> 1 | AD7: R | AQ7: 1 | AR7: r2
A8: PTE AZHARI | C8: =SUM(F8:AS8) -> 1 | D8: {=SUM(IF(F8:AS8="R",1,0))} -> 2 | E8: {=SUM(IF(F8:AS8="R2",1,0))} -> 2 | U8: r | W8: r2 | AE8: 1 | AK8: r2 | AO8: R
A9: LCP ADAM | B9: =SUM(C9:D9) -> 3 | C9: =SUM(F9:AS9) -> 1 | D9: {=SUM(IF(F9:AS9="R",1,0))} -> 2 | E9: {=SUM(IF(F9:AS9="R2",1,0))} -> 2 | F9: r2 | AG9: r2 | AL9: r | AN9: r | AS9: 1
A10: LCP AMIRUL | B10: =SUM(C10:D10) -> 6 | C10: =SUM(F10:AS10) -> 4 | D10: {=SUM(IF(F10:AS10="R",1,0))} -> 2 | E10: {=SUM(IF(F10:AS10="R2",1,0))} -> 2 | F10: 1 | J10: 1 | P10: r | R10: r | AC10: r2 | AF10: 1 | AL10: 1 | AO10: r2
A11: REC RUI FENG | B11: =SUM(C11:D11) -> 4 | C11: =SUM(F11:AS11) -> 2 | D11: {=SUM(IF(F11:AS11="R",1,0))} -> 2 | E11: {=SUM(IF(F11:AS11="R2",1,0))} -> 1 | L11: 1 | U11: 1 | AB11: r | AD11: r2 | AK11: r
A12: 3SG DANIEL | B12: =SUM(C12:D12) -> 3 | C12: =SUM(F12:AS12) -> 2 | D12: {=SUM(IF(F12:AS12="R",1,0))} -> 1 | E12: {=SUM(IF(F12:AS12="R2",1,0))} -> 2 | I12: 1 | P12: r2 | X12: r | Y12: r2 | AB12: 1
A13: PTE ANGELO | B13: =SUM(C13:D13) -> 3 | C13: =SUM(F13:AS13) -> 1 | D13: {=SUM(IF(F13:AS13="R",1,0))} -> 2 | E13: {=SUM(IF(F13:AS13="R2",1,0))} -> 1 | T13: r2 | X13: 1 | AM13: r | AR13: r
A14: REC ETHAN | B14: =SUM(C14:D14) -> 0 | C14: =SUM(F14:AS14) -> 0 | D14: {=SUM(IF(F14:AS14="R",1,0))} -> 0 | E14: {=SUM(IF(F14:AS14="R2",1,0))} -> 0
A15: PTE AMIN | C15: =SUM(F15:AS15) -> 2 | D15: {=SUM(IF(F15:AS15="R",1,0))} -> 2 | E15: {=SUM(IF(F15:AS15="R2",1,0))} -> 2 | J15: r | K15: r2 | N15: 1 | R15: 1 | AF15: r2 | AH15: r
A16: PTE JASPER | B16: =SUM(C16:D16) -> 4 | C16: =SUM(F16:AS16) -> 2 | D16: {=SUM(IF(F16:AS16="R",1,0))} -> 2 | E16: {=SUM(IF(F16:AS16="R2",1,0))} -> 2 | J16: r2 | K16: 1 | N16: r | Y16: r | Z16: 1 | AE16: r2
A17: PTE ISAAC | C17: =SUM(F17:AS17) -> 2 | D17: {=SUM(IF(F17:AS17="R",1,0))} -> 2 | E17: {=SUM(IF(F17:AS17="R2",1,0))} -> 2 | K17: r | Y17: 1 | Z17: r2 | AC17: r | AH17: 1 | AQ17: r2
A18: REC PARAM | C18: =SUM(F18:AS18) -> 2 | D18: {=SUM(IF(F18:AS18="R",1,0))} -> 1 | E18: {=SUM(IF(F18:AS18="R2",1,0))} -> 2 | L18: R | S18: 1 | U18: r2 | AB18: r2 | AK18: 1
A19: PTE RIFQI | B19: =SUM(C19:D19) -> 0 | C19: =SUM(F19:AS19) -> 0 | D19: {=SUM(IF(F19:AS19="R",1,0))} -> 0 | E19: {=SUM(IF(F19:AS19="R2",1,0))} -> 0
A20: REC ASH | C20: =SUM(F20:AS20) -> 2 | D20: {=SUM(IF(F20:AS20="R",1,0))} -> 1 | E20: {=SUM(IF(F20:AS20="R2",1,0))} -> 1 | G20: 1 | O20: r2 | AA20: 1 | AI20: r
A21: PTE HAQIMI | B21: =SUM(C21:D21) -> 3 | C21: =SUM(F21:AS21) -> 2 | D21: {=SUM(IF(F21:AS21="R",1,0))} -> 1 | E21: {=SUM(IF(F21:AS21="R2",1,0))} -> 1 | O21: r | Q21: 1 | AI21: r2 | AJ21: 1
A22: PTE DARREN | B22: =SUM(C22:D22) -> 3 | C22: =SUM(F22:AS22) -> 1 | D22: {=SUM(IF(F22:AS22="R",1,0))} -> 2 | E22: {=SUM(IF(F22:AS22="R2",1,0))} -> 2 | H22: r | M22: r | N22: r2 | AA22: r2 | AG22: 1
A23: PTE SAMEER | B23: =SUM(C23:D23) -> 3 | C23: =SUM(F23:AS23) -> 0 | D23: {=SUM(IF(F23:AS23="R",1,0))} -> 3 | E23: {=SUM(IF(F23:AS23="R2",1,0))} -> 3 | G23: r | H23: r2 | X23: r2 | Z23: r | AF23: r | AS23: r2
A24: PTE XIAO YU | B24: =SUM(C24:D24) -> 2 | C24: =SUM(F24:AS24) -> 1 | D24: {=SUM(IF(F24:AS24="R",1,0))} -> 1 | E24: {=SUM(IF(F24:AS24="R2",1,0))} -> 1 | M24: r2 | V24: r | AI24: 1
A25: SCT YUSUF | C25: =SUM(F25:AS25) -> 0 | D25: {=SUM(IF(F25:AS25="R",1,0))} -> 0 | E25: {=SUM(IF(F25:AS25="R2",1,0))} -> 0
A26: PTE HOI REI | C26: =SUM(F26:AS26) -> 1 | D26: {=SUM(IF(F26:AS26="R",1,0))} -> 2 | E26: {=SUM(IF(F26:AS26="R2",1,0))} -> 2 | O26: 1 | Q26: r2 | S26: r | AA26: r | AL26: r2
A27: PTE REUVEN | B27: =SUM(C27:D27) -> 0 | C27: =SUM(F27:AS27) -> 0 | D27: {=SUM(IF(F27:AS27="R",1,0))} -> 0 | E27: {=SUM(IF(F27:AS27="R2",1,0))} -> 0
A28: PTE HAO QIAN | B28: =SUM(C28:D28) -> 2 | C28: =SUM(F28:AS28) -> 1 | D28: {=SUM(IF(F28:AS28="R",1,0))} -> 1 | E28: {=SUM(IF(F28:AS28="R2",1,0))} -> 1 | H28: 1 | I28: r | S28: r2
A29: PTE JIREH | B29: =SUM(C29:D29) -> 4 | C29: =SUM(F29:AS29) -> 2 | D29: {=SUM(IF(F29:AS29="R",1,0))} -> 2 | E29: {=SUM(IF(F29:AS29="R2",1,0))} -> 2 | F29: r | G29: r2 | P29: 1 | T29: r | V29: 1 | AJ29: r2
A30: PTE MICHAEL | C30: =SUM(F30:AS30) -> 2 | D30: {=SUM(IF(F30:AS30="R",1,0))} -> 2 | E30: {=SUM(IF(F30:AS30="R2",1,0))} -> 2 | I30: r2 | Q30: r | W30: 1 | AH30: r2 | AJ30: r | AO30: 1
A31: Total | B31: =SUM(B4:B14) -> 30 | C31: =SUM(F31:AS31) -> 40 | F31: =SUM(F3:F30) -> 1 | G31: =SUM(G3:G30) -> 1 | H31: =SUM(H3:H30) -> 1 | I31: =SUM(I3:I30) -> 1 | J31: =SUM(J3:J30) -> 1 | K31: =SUM(K3:K30) -> 1 | L31: =SUM(L3:L30) -> 1 | M31: =SUM(M3:M30) -> 1 | ... AS31: =SUM(AS3:AS30) -> 1
A32: Reserve 1 | B32: =SUM(F32:AR32) -> 39 | C32: =SUM(F32:AS32) -> 40 | F32: {=SUM(IF(F3:F30="R",1,0))} -> 1 | G32: {=SUM(IF(G3:G30="R",1,0))} -> 1 | H32: {=SUM(IF(H3:H30="R",1,0))} -> 1 | I32: {=SUM(IF(I3:I30="R",1,0))} -> 1 | J32: {=SUM(IF(J3:J30="R",1,0))} -> 1 | K32: {=SUM(IF(K3:K30="R",1,0))} -> 1 | L32: {=SUM(IF(L3:L30="R",1,0))} -> 1 | M32: {=SUM(IF(M3:M30="R",1,0))} -> 1 | ... AS32: {=SUM(IF(AS3:AS30="R",1,0))} -> 1
A33: Reserve 2 | B33: =SUM(F33:AR33) -> 39 | C33: =SUM(F33:AS33) -> 40 | F33: {=SUM(IF(F3:F30="R2",1,0))} -> 1 | G33: {=SUM(IF(G3:G30="R2",1,0))} -> 1 | H33: {=SUM(IF(H3:H30="R2",1,0))} -> 1 | I33: {=SUM(IF(I3:I30="R2",1,0))} -> 1 | J33: {=SUM(IF(J3:J30="R2",1,0))} -> 1 | K33: {=SUM(IF(K3:K30="R2",1,0))} -> 1 | L33: {=SUM(IF(L3:L30="R2",1,0))} -> 1 | M33: {=SUM(IF(M3:M30="R2",1,0))} -> 1 | ... AS33: {=SUM(IF(AS3:AS30="R2",1,0))} -> 1
E34: Duty Clerk | F34: =IFERROR(INDEX($A$3:$A$30, MATCH(1, INDEX($F$3:$AR$30, 0, MATCH(F2, $F$2:$AR$2, 0)), 0)), INDEX($A$3:$A$30, MATCH(1, INDEX($F$3:$AR$30, 0, MATCH(F2&" AM", $F$2:$AR$2, 0)), 0))) -> LCP AMIRUL | G34: =IFERROR(INDEX($A$3:$A$30, MATCH(1, INDEX($F$3:$AR$30, 0, MATCH(G2, $F$2:$AR$2, 0)), 0)), INDEX($A$3:$A$30, MATCH(1, INDEX($F$3:$AR$30, 0, MATCH(G2&" AM", $F$2:$AR$2, 0)), 0))) -> REC ASH | H34: =IFERROR(INDEX($A$3:$A$30, MATCH(1, INDEX($F$3:$AR$30, 0, MATCH(H2, $F$2:$AR$2, 0)), 0)), INDEX($A$3:$A$30, MATCH(1, INDEX($F$3:$AR$30, 0, MATCH(H2&" AM", $F$2:$AR$2, 0)), 0))) -> PTE HAO QIAN | I34: =IFERROR(INDEX($A$3:$A$30, MATCH(1, INDEX($F$3:$AR$30, 0, MATCH(I2, $F$2:$AR$2, 0)), 0)), INDEX($A$3:$A$30, MATCH(1, INDEX($F$3:$AR$30, 0, MATCH(I2&" AM", $F$2:$AR$2, 0)), 0))) -> 3SG DANIEL | J34: =IFERROR(INDEX($A$3:$A$30, MATCH(1, INDEX($F$3:$AR$30, 0, MATCH(J2, $F$2:$AR$2, 0)), 0)), INDEX($A$3:$A$30, MATCH(1, INDEX($F$3:$AR$30, 0, MATCH(J2&" AM", $F$2:$AR$2, 0)), 0))) -> LCP AMIRUL | K34: =IFERROR(INDEX($A$3:$A$30, MATCH(1, INDEX($F$3:$AR$30, 0, MATCH(K2, $F$2:$AR$2, 0)), 0)), INDEX($A$3:$A$30, MATCH(1, INDEX($F$3:$AR$30, 0, MATCH(K2&" AM", $F$2:$AR$2, 0)), 0))) -> PTE JASPER | L34: =IFERROR(INDEX($A$3:$A$30, MATCH(1, INDEX($F$3:$AR$30, 0, MATCH(L2, $F$2:$AR$2, 0)), 0)), INDEX($A$3:$A$30, MATCH(1, INDEX($F$3:$AR$30, 0, MATCH(L2&" AM", $F$2:$AR$2, 0)), 0))) -> REC RUI FENG | M34: =IFERROR(INDEX($A$3:$A$30, MATCH(1, INDEX($F$3:$AR$30, 0, MATCH(M2, $F$2:$AR$2, 0)), 0)), INDEX($A$3:$A$30, MATCH(1, INDEX($F$3:$AR$30, 0, MATCH(M2&" AM", $F$2:$AR$2, 0)), 0))) -> LCP ERNEST | ... AR34: =IFERROR(INDEX($A$3:$A$30, MATCH(1, INDEX($F$3:$AR$30, 0, MATCH(AR2, $F$2:$AR$2, 0)), 0)), INDEX($A$3:$A$30, MATCH(1, INDEX($F$3:$AR$30, 0, MATCH(AR2&" AM", $F$2:$AR$2, 0)), 0))) -> PTE EZRA | AS34: {=IFERROR(INDEX($A$3:$A$30, MATCH(1, INDEX($F$3:$AS$30, 0, MATCH(AS2, $F$2:$AS$2, 0)), 0)), INDEX($A$3:$A$30, MATCH(1, INDEX($F$3:$AS$30, 0, MATCH(AS2&" AM", $F$2:$AS$2, 0)), 0)))} -> LCP ADAM
A35: Total Days | C35: =COUNTA($F$1:$AS$1) -> 40 | E35: Reserve | F35: =INDEX($A$3:$A$30, MATCH("R", INDEX($F$3:$AS$30, 0, MATCH(F2, $F$2:$AS$2, 0)), 0)) -> PTE JIREH | G35: =INDEX($A$3:$A$30, MATCH("R", INDEX($F$3:$AS$30, 0, MATCH(G2, $F$2:$AS$2, 0)), 0)) -> PTE SAMEER | H35: =INDEX($A$3:$A$30, MATCH("R", INDEX($F$3:$AS$30, 0, MATCH(H2, $F$2:$AS$2, 0)), 0)) -> PTE DARREN | I35: =INDEX($A$3:$A$30, MATCH("R", INDEX($F$3:$AS$30, 0, MATCH(I2, $F$2:$AS$2, 0)), 0)) -> PTE HAO QIAN | J35: =INDEX($A$3:$A$30, MATCH("R", INDEX($F$3:$AS$30, 0, MATCH(J2, $F$2:$AS$2, 0)), 0)) -> PTE AMIN | K35: =INDEX($A$3:$A$30, MATCH("R", INDEX($F$3:$AS$30, 0, MATCH(K2, $F$2:$AS$2, 0)), 0)) -> PTE ISAAC | L35: =INDEX($A$3:$A$30, MATCH("R", INDEX($F$3:$AS$30, 0, MATCH(L2, $F$2:$AS$2, 0)), 0)) -> REC PARAM | M35: =INDEX($A$3:$A$30, MATCH("R", INDEX($F$3:$AS$30, 0, MATCH(M2, $F$2:$AS$2, 0)), 0)) -> PTE DARREN | ... AS35: =INDEX($A$3:$A$30, MATCH("R", INDEX($F$3:$AS$30, 0, MATCH(AS2, $F$2:$AS$2, 0)), 0)) -> PTE AFIF
A36: Total Personnel | C36: =SUBTOTAL(103, $A$3:$A$30) -> 24 | E36: Reserve 2 | F36: =INDEX($A$3:$A$30, MATCH("R2", INDEX($F$3:$AS$30, 0, MATCH(F2, $F$2:$AS$2, 0)), 0)) -> LCP ADAM | G36: =INDEX($A$3:$A$30, MATCH("R2", INDEX($F$3:$AS$30, 0, MATCH(G2, $F$2:$AS$2, 0)), 0)) -> PTE JIREH | H36: =INDEX($A$3:$A$30, MATCH("R2", INDEX($F$3:$AS$30, 0, MATCH(H2, $F$2:$AS$2, 0)), 0)) -> PTE SAMEER | I36: =INDEX($A$3:$A$30, MATCH("R2", INDEX($F$3:$AS$30, 0, MATCH(I2, $F$2:$AS$2, 0)), 0)) -> PTE MICHAEL | J36: =INDEX($A$3:$A$30, MATCH("R2", INDEX($F$3:$AS$30, 0, MATCH(J2, $F$2:$AS$2, 0)), 0)) -> PTE JASPER | K36: =INDEX($A$3:$A$30, MATCH("R2", INDEX($F$3:$AS$30, 0, MATCH(K2, $F$2:$AS$2, 0)), 0)) -> PTE AMIN | L36: =INDEX($A$3:$A$30, MATCH("R2", INDEX($F$3:$AS$30, 0, MATCH(L2, $F$2:$AS$2, 0)), 0)) -> PTE EZRA | M36: =INDEX($A$3:$A$30, MATCH("R2", INDEX($F$3:$AS$30, 0, MATCH(M2, $F$2:$AS$2, 0)), 0)) -> PTE XIAO YU | ... AS36: =INDEX($A$3:$A$30, MATCH("R2", INDEX($F$3:$AS$30, 0, MATCH(AS2, $F$2:$AS$2, 0)), 0)) -> PTE SAMEER
A40: Excuse Stay in
A41: PA
A42: R&D
A43: RM
A44: PR
A45: MEDIA
A46: TCRS 3
A47: OPS RM
A48: TRG BR

Sheet November Master Duty Overview
A1: Duty Personnel Duty | B1: Total Points | C1: Duty Points | D1: Reserve Points | E1: Reserve Points 2 | F1: FRIDAY | G1: SATURDAY (AM) | H1: SATURDAY (PM) | I1: SUNDAY (AM) | J1: SUNDAY (PM) | K1: MONDAY | L1: TUESDAY | M1: WEDNESDAY | N1: THURSDAY | O1: FRIDAY | P1: SATURDAY (AM) | Q1: SATURDAY (PM) | R1: SUNDAY (AM) | S1: SUNDAY (PM) | T1: MONDAY | U1: TUESDAY | V1: WEDNESDAY | W1: THURSDAY | X1: FRIDAY | Y1: SATURDAY (AM) | Z1: SATURDAY (PM) | AA1: SUNDAY (AM) | AB1: SUNDAY (PM) | AC1: MONDAY | AD1: TUESDAY | AE1: WEDNESDAY | AF1: THURSDAY | AG1: FRIDAY | AH1: SATURDAY (AM) | AI1: SATURDAY (PM) | AJ1: SUNDAY (AM) | AK1: SUNDAY (PM) | AL1: MONDAY | AM1: TUESDAY | AN1: WEDNESDAY | AO1: THURSDAY | AP1: FRIDAY | AQ1: SATURDAY (AM) | AR1: SATURDAY (PM) | AS1: SUNDAY (AM) | AT1: SUNDAY (PM)
F2: 45597 | G2: 2-11-24 (AM) | H2: 2-11-24 (PM) | I2: 3-11-24 (AM) | J2: 3-11-24 (PM) | K2: 45600 | L2: 45601 | M2: 45602 | N2: 45603 | O2: 45604 | P2: 9-11-24 (AM) | Q2: 9-11-24 (PM) | R2: 10-11-24 (AM) | S2: 10-11-24 (PM) | T2: 45607 | U2: 45608 | V2: 45609 | W2: 45610 | X2: 45611 | Y2: 16-11-24 (AM) | Z2: 16-11-24 (PM) | AA2: 17-11-24 (AM) | AB2: 17-11-24 (PM) | AC2: 45614 | AD2: 45615 | AE2: 45616 | AF2: 45617 | AG2: 45618 | AH2: 23-11-24 (AM) | AI2: 23-11-24 (PM) | AJ2: 24-11-24 (AM) | AK2: 24-11-24 (PM) | AL2: 45621 | AM2: 45622 | AN2: 45623 | AO2: 45624 | AP2: 45625 | AQ2: 30-11-24 (AM) | AR2: 30-11-24 (PM) | AS2: 13-10-24 (AM) | AT2: 13-10-24 (PM)
A3: PTE EZRA | B3: =SUM(C3:D3) -> 3 | C3: =SUM(F3:AS3) -> 2 | D3: {=SUM(IF(F3:AS3="R",1,0))} -> 1 | E3: {=SUM(IF(F3:AS3="R2",1,0))} -> 2 | F3: r2 | O3: r2 | Q3: 1 | AI3: 1 | AP3: r
A4: LCP ERNEST | B4: =SUM(C4:D4) -> 0 | C4: =SUM(F4:AS4) -> 0 | D4: {=SUM(IF(F4:AS4="R",1,0))} -> 0 | E4: {=SUM(IF(F4:AS4="R2",1,0))} -> 0
A5: LCP FIRMAN | B5: =SUM(C5:D5) -> 3 | C5: =SUM(F5:AS5) -> 1 | D5: {=SUM(IF(F5:AS5="R",1,0))} -> 2 | E5: {=SUM(IF(F5:AS5="R2",1,0))} -> 1 | G5: r | H5: 1 | AC5: r | AF5: r2
A6: PTE AFIF | B6: =SUM(C6:D6) -> 3 | C6: =SUM(F6:AS6) -> 1 | D6: {=SUM(IF(F6:AS6="R",1,0))} -> 2 | E6: {=SUM(IF(F6:AS6="R2",1,0))} -> 1 | F6: r | AB6: r2 | AF6: r | AH6: 1
A7: PTE DYLAN | C7: =SUM(F7:AS7) -> 2 | D7: {=SUM(IF(F7:AS7="R",1,0))} -> 2 | E7: {=SUM(IF(F7:AS7="R2",1,0))} -> 2 | F7: 1 | N7: r2 | P7: r | U7: r | AA7: r2 | AF7: 1
A8: LCP ADAM | B8: =SUM(C8:D8) -> 2 | C8: =SUM(F8:AS8) -> 1 | D8: {=SUM(IF(F8:AS8="R",1,0))} -> 1 | E8: {=SUM(IF(F8:AS8="R2",1,0))} -> 2 | J8: r2 | Q8: r | AI8: r2 | AK8: 1
A9: LCP AMIRUL | B9: =SUM(C9:D9) -> 3 | C9: =SUM(F9:AS9) -> 2 | D9: {=SUM(IF(F9:AS9="R",1,0))} -> 1 | E9: {=SUM(IF(F9:AS9="R2",1,0))} -> 2 | G9: 1 | H9: r2 | L9: 1 | Q9: r2 | W9: r
A10: REC RUI FENG | B10: =SUM(C10:D10) -> 3 | C10: =SUM(F10:AS10) -> 2 | D10: {=SUM(IF(F10:AS10="R",1,0))} -> 1 | E10: {=SUM(IF(F10:AS10="R2",1,0))} -> 1 | G10: r2 | I10: r | P10: 1 | AJ10: 1
A11: 3SG DANIEL | B11: =SUM(C11:D11) -> 2 | C11: =SUM(F11:AS11) -> 1 | D11: {=SUM(IF(F11:AS11="R",1,0))} -> 1 | E11: {=SUM(IF(F11:AS11="R2",1,0))} -> 2 | K11: r2 | AD11: r | AG11: 1 | AP11: r2
A12: CPL ANGELO | B12: =SUM(C12:D12) -> 3 | C12: =SUM(F12:AS12) -> 2 | D12: {=SUM(IF(F12:AS12="R",1,0))} -> 1 | E12: {=SUM(IF(F12:AS12="R2",1,0))} -> 2 | L12: r2 | V12: r2 | AD12: 1 | AG12: r | AM12: 1
A13: PTE AZHARI | C13: =SUM(F13:AS13) -> 2 | D13: {=SUM(IF(F13:AS13="R",1,0))} -> 2 | E13: {=SUM(IF(F13:AS13="R2",1,0))} -> 2 | R13: r2 | X13: 1 | Z13: 1 | AE13: r | AK13: r | AL13: r2
A14: REC ETHAN | B14: =SUM(C14:D14) -> 0 | C14: =SUM(F14:AS14) -> 0 | D14: {=SUM(IF(F14:AS14="R",1,0))} -> 0 | E14: {=SUM(IF(F14:AS14="R2",1,0))} -> 0
A15: PTE AMIN | C15: =SUM(F15:AS15) -> 2 | D15: {=SUM(IF(F15:AS15="R",1,0))} -> 2 | E15: {=SUM(IF(F15:AS15="R2",1,0))} -> 2 | H15: r | U15: r2 | AB15: 1 | AG15: r2 | AO15: 1 | AR15: r
A16: PTE JASPER | B16: =SUM(C16:D16) -> 4 | C16: =SUM(F16:AS16) -> 2 | D16: {=SUM(IF(F16:AS16="R",1,0))} -> 2 | E16: {=SUM(IF(F16:AS16="R2",1,0))} -> 2 | M16: r | P16: r2 | W16: 1 | AM16: r | AO16: r2 | AR16: 1
A17: PTE ISAAC | C17: =SUM(F17:AS17) -> 2 | D17: {=SUM(IF(F17:AS17="R",1,0))} -> 2 | E17: {=SUM(IF(F17:AS17="R2",1,0))} -> 2 | K17: 1 | V17: r | W17: r2 | AC17: 1 | AO17: r | AR17: r2
A18: REC PARAM | C18: =SUM(F18:AS18) -> 2 | D18: {=SUM(IF(F18:AS18="R",1,0))} -> 2 | E18: {=SUM(IF(F18:AS18="R2",1,0))} -> 0 | I18: 1 | R18: 1 | Y18: r | AA18: r
A19: PTE RIFQI | B19: =SUM(C19:D19) -> 0 | C19: =SUM(F19:AS19) -> 0 | D19: {=SUM(IF(F19:AS19="R",1,0))} -> 0 | E19: {=SUM(IF(F19:AS19="R2",1,0))} -> 0
A20: REC ASH | C20: =SUM(F20:AS20) -> 2 | D20: {=SUM(IF(F20:AS20="R",1,0))} -> 1 | E20: {=SUM(IF(F20:AS20="R2",1,0))} -> 2 | U20: 1 | AC20: r2 | AE20: r2 | AL20: 1 | AN20: r
A21: PTE HAQIMI | B21: =SUM(C21:D21) -> 3 | C21: =SUM(F21:AS21) -> 1 | D21: {=SUM(IF(F21:AS21="R",1,0))} -> 2 | E21: {=SUM(IF(F21:AS21="R2",1,0))} -> 2 | M21: r2 | T21: 1 | AB21: r | AD21: r2 | AH21: r
A22: LCP GLADWYN | B22: =SUM(C22:D22) -> 3 | C22: =SUM(F22:AS22) -> 1 | D22: {=SUM(IF(F22:AS22="R",1,0))} -> 2 | E22: {=SUM(IF(F22:AS22="R2",1,0))} -> 1 | N22: r | S22: r | AM22: r2 | AN22: 1
A23: LCP ZI XUAN | B23: =SUM(C23:D23) -> 3 | C23: =SUM(F23:AS23) -> 1 | D23: {=SUM(IF(F23:AS23="R",1,0))} -> 2 | E23: {=SUM(IF(F23:AS23="R2",1,0))} -> 1 | L23: r | O23: r | S23: r2 | AE23: 1
A24: SCT YUSUF | C24: =SUM(F24:AS24) -> 0 | D24: {=SUM(IF(F24:AS24="R",1,0))} -> 0 | E24: {=SUM(IF(F24:AS24="R2",1,0))} -> 0
A25: PTE REUVEN | B25: =SUM(C25:D25) -> 3 | C25: =SUM(F25:AS25) -> 2 | D25: {=SUM(IF(F25:AS25="R",1,0))} -> 1 | E25: {=SUM(IF(F25:AS25="R2",1,0))} -> 1 | AA25: 1 | AH25: r2 | AJ25: r | AQ25: 1
A26: 3SG YAOCHEN | C26: =SUM(F26:AS26) -> 1 | D26: {=SUM(IF(F26:AS26="R",1,0))} -> 1 | E26: {=SUM(IF(F26:AS26="R2",1,0))} -> 1 | R26: r | Y26: 1 | AJ26: R2
A27: PTE HAO QIAN | B27: =SUM(C27:D27) -> 3 | C27: =SUM(F27:AS27) -> 1 | D27: {=SUM(IF(F27:AS27="R",1,0))} -> 2 | E27: {=SUM(IF(F27:AS27="R2",1,0))} -> 2 | J27: r | S27: 1 | Y27: r2 | AN27: r2 | AQ27: r
A28: PTE JIREH | B28: =SUM(C28:D28) -> 4 | C28: =SUM(F28:AS28) -> 2 | D28: {=SUM(IF(F28:AS28="R",1,0))} -> 2 | E28: {=SUM(IF(F28:AS28="R2",1,0))} -> 2 | I28: r2 | J28: 1 | M28: 1 | X28: r | AL28: r | AQ28: r2
A29: PTE KRISHAN | B29: =SUM(C29:D29) -> 4 | C29: =SUM(F29:AS29) -> 2 | D29: {=SUM(IF(F29:AS29="R",1,0))} -> 2 | E29: {=SUM(IF(F29:AS29="R2",1,0))} -> 2 | K29: r | N29: 1 | T29: r | V29: 1 | Z29: r2 | AK29: r2
A30: PTE MICHAEL | C30: =SUM(F30:AS30) -> 2 | D30: {=SUM(IF(F30:AS30="R",1,0))} -> 2 | E30: {=SUM(IF(F30:AS30="R2",1,0))} -> 2 | O30: 1 | T30: r2 | X30: r2 | Z30: r | AI30: r | AP30: 1
A31: Total | B31: =SUM(B4:B14) -> 19 | C31: =SUM(F31:AR31) -> 39 | F31: =SUM(F3:F30) -> 1 | G31: =SUM(G3:G30) -> 1 | H31: =SUM(H3:H30) -> 1 | I31: =SUM(I3:I30) -> 1 | J31: =SUM(J3:J30) -> 1 | K31: =SUM(K3:K30) -> 1 | L31: =SUM(L3:L30) -> 1 | M31: =SUM(M3:M30) -> 1 | ... AS31: =SUM(AS3:AS30) -> 0
A32: Reserve 1 | B32: =SUM(F32:AR32) -> 39 | C32: =SUM(F32:AS32) -> 39 | F32: {=SUM(IF(F3:F30="R",1,0))} -> 1 | G32: {=SUM(IF(G3:G30="R",1,0))} -> 1 | H32: {=SUM(IF(H3:H30="R",1,0))} -> 1 | I32: {=SUM(IF(I3:I30="R",1,0))} -> 1 | J32: {=SUM(IF(J3:J30="R",1,0))} -> 1 | K32: {=SUM(IF(K3:K30="R",1,0))} -> 1 | L32: {=SUM(IF(L3:L30="R",1,0))} -> 1 | M32: {=SUM(IF(M3:M30="R",1,0))} -> 1 | ... AS32: {=SUM(IF(AS3:AS30="R",1,0))} -> 0
A33: Reserve 2 | B33: =SUM(F33:AR33) -> 39 | C33: =SUM(F33:AS33) -> 39 | F33: {=SUM(IF(F3:F30="R2",1,0))} -> 1 | G33: {=SUM(IF(G3:G30="R2",1,0))} -> 1 | H33: {=SUM(IF(H3:H30="R2",1,0))} -> 1 | I33: {=SUM(IF(I3:I30="R2",1,0))} -> 1 | J33: {=SUM(IF(J3:J30="R2",1,0))} -> 1 | K33: {=SUM(IF(K3:K30="R2",1,0))} -> 1 | L33: {=SUM(IF(L3:L30="R2",1,0))} -> 1 | M33: {=SUM(IF(M3:M30="R2",1,0))} -> 1 | ... AS33: {=SUM(IF(AS3:AS30="R2",1,0))} -> 0
E34: Duty Clerk | F34: =IFERROR(INDEX($A$3:$A$30, MATCH(1, INDEX($F$3:$AR$30, 0, MATCH(F2, $F$2:$AR$2, 0)), 0)), INDEX($A$3:$A$30, MATCH(1, INDEX($F$3:$AR$30, 0, MATCH(F2&" AM", $F$2:$AR$2, 0)), 0))) -> PTE DYLAN | G34: =IFERROR(INDEX($A$3:$A$30, MATCH(1, INDEX($F$3:$AR$30, 0, MATCH(G2, $F$2:$AR$2, 0)), 0)), INDEX($A$3:$A$30, MATCH(1, INDEX($F$3:$AR$30, 0, MATCH(G2&" AM", $F$2:$AR$2, 0)), 0))) -> LCP AMIRUL | H34: =IFERROR(INDEX($A$3:$A$30, MATCH(1, INDEX($F$3:$AR$30, 0, MATCH(H2, $F$2:$AR$2, 0)), 0)), INDEX($A$3:$A$30, MATCH(1, INDEX($F$3:$AR$30, 0, MATCH(H2&" AM", $F$2:$AR$2, 0)), 0))) -> LCP FIRMAN | I34: =IFERROR(INDEX($A$3:$A$30, MATCH(1, INDEX($F$3:$AR$30, 0, MATCH(I2, $F$2:$AR$2, 0)), 0)), INDEX($A$3:$A$30, MATCH(1, INDEX($F$3:$AR$30, 0, MATCH(I2&" AM", $F$2:$AR$2, 0)), 0))) -> REC PARAM | J34: =IFERROR(INDEX($A$3:$A$30, MATCH(1, INDEX($F$3:$AR$30, 0, MATCH(J2, $F$2:$AR$2, 0)), 0)), INDEX($A$3:$A$30, MATCH(1, INDEX($F$3:$AR$30, 0, MATCH(J2&" AM", $F$2:$AR$2, 0)), 0))) -> PTE JIREH | K34: =IFERROR(INDEX($A$3:$A$30, MATCH(1, INDEX($F$3:$AR$30, 0, MATCH(K2, $F$2:$AR$2, 0)), 0)), INDEX($A$3:$A$30, MATCH(1, INDEX($F$3:$AR$30, 0, MATCH(K2&" AM", $F$2:$AR$2, 0)), 0))) -> PTE ISAAC | L34: =IFERROR(INDEX($A$3:$A$30, MATCH(1, INDEX($F$3:$AR$30, 0, MATCH(L2, $F$2:$AR$2, 0)), 0)), INDEX($A$3:$A$30, MATCH(1, INDEX($F$3:$AR$30, 0, MATCH(L2&" AM", $F$2:$AR$2, 0)), 0))) -> LCP AMIRUL | M34: =IFERROR(INDEX($A$3:$A$30, MATCH(1, INDEX($F$3:$AR$30, 0, MATCH(M2, $F$2:$AR$2, 0)), 0)), INDEX($A$3:$A$30, MATCH(1, INDEX($F$3:$AR$30, 0, MATCH(M2&" AM", $F$2:$AR$2, 0)), 0))) -> PTE JIREH | ... AR34: =IFERROR(INDEX($A$3:$A$30, MATCH(1, INDEX($F$3:$AR$30, 0, MATCH(AR2, $F$2:$AR$2, 0)), 0)), INDEX($A$3:$A$30, MATCH(1, INDEX($F$3:$AR$30, 0, MATCH(AR2&" AM", $F$2:$AR$2, 0)), 0))) -> PTE JASPER | AS34: {=IFERROR(INDEX($A$3:$A$30, MATCH(1, INDEX($F$3:$AS$30, 0, MATCH(AS2, $F$2:$AS$2, 0)), 0)), INDEX($A$3:$A$30, MATCH(1, INDEX($F$3:$AS$30, 0, MATCH(AS2&" AM", $F$2:$AS$2, 0)), 0)))} -> #N/A
A35: Total Days | C35: =COUNTA($F$1:$AR$1) -> 39 | E35: Reserve | F35: =INDEX($A$3:$A$30, MATCH("R", INDEX($F$3:$AS$30, 0, MATCH(F2, $F$2:$AS$2, 0)), 0)) -> PTE AFIF | G35: =INDEX($A$3:$A$30, MATCH("R", INDEX($F$3:$AS$30, 0, MATCH(G2, $F$2:$AS$2, 0)), 0)) -> LCP FIRMAN | H35: =INDEX($A$3:$A$30, MATCH("R", INDEX($F$3:$AS$30, 0, MATCH(H2, $F$2:$AS$2, 0)), 0)) -> PTE AMIN | I35: =INDEX($A$3:$A$30, MATCH("R", INDEX($F$3:$AS$30, 0, MATCH(I2, $F$2:$AS$2, 0)), 0)) -> REC RUI FENG | J35: =INDEX($A$3:$A$30, MATCH("R", INDEX($F$3:$AS$30, 0, MATCH(J2, $F$2:$AS$2, 0)), 0)) -> PTE HAO QIAN | K35: =INDEX($A$3:$A$30, MATCH("R", INDEX($F$3:$AS$30, 0, MATCH(K2, $F$2:$AS$2, 0)), 0)) -> PTE KRISHAN | L35: =INDEX($A$3:$A$30, MATCH("R", INDEX($F$3:$AS$30, 0, MATCH(L2, $F$2:$AS$2, 0)), 0)) -> LCP ZI XUAN | M35: =INDEX($A$3:$A$30, MATCH("R", INDEX($F$3:$AS$30, 0, MATCH(M2, $F$2:$AS$2, 0)), 0)) -> PTE JASPER | ... AS35: =INDEX($A$3:$A$30, MATCH("R", INDEX($F$3:$AS$30, 0, MATCH(AS2, $F$2:$AS$2, 0)), 0)) -> #N/A
A36: Total Personnel | C36: =SUBTOTAL(103, $A$3:$A$30) -> 24 | E36: Reserve 2 | F36: =INDEX($A$3:$A$30, MATCH("R2", INDEX($F$3:$AS$30, 0, MATCH(F2, $F$2:$AS$2, 0)), 0)) -> PTE EZRA | G36: =INDEX($A$3:$A$30, MATCH("R2", INDEX($F$3:$AS$30, 0, MATCH(G2, $F$2:$AS$2, 0)), 0)) -> REC RUI FENG | H36: =INDEX($A$3:$A$30, MATCH("R2", INDEX($F$3:$AS$30, 0, MATCH(H2, $F$2:$AS$2, 0)), 0)) -> LCP AMIRUL | I36: =INDEX($A$3:$A$30, MATCH("R2", INDEX($F$3:$AS$30, 0, MATCH(I2, $F$2:$AS$2, 0)), 0)) -> PTE JIREH | J36: =INDEX($A$3:$A$30, MATCH("R2", INDEX($F$3:$AS$30, 0, MATCH(J2, $F$2:$AS$2, 0)), 0)) -> LCP ADAM | K36: =INDEX($A$3:$A$30, MATCH("R2", INDEX($F$3:$AS$30, 0, MATCH(K2, $F$2:$AS$2, 0)), 0)) -> 3SG DANIEL | L36: =INDEX($A$3:$A$30, MATCH("R2", INDEX($F$3:$AS$30, 0, MATCH(L2, $F$2:$AS$2, 0)), 0)) -> CPL ANGELO | M36: =INDEX($A$3:$A$30, MATCH("R2", INDEX($F$3:$AS$30, 0, MATCH(M2, $F$2:$AS$2, 0)), 0)) -> PTE HAQIMI | ... AS36: =INDEX($A$3:$A$30, MATCH("R2", INDEX($F$3:$AS$30, 0, MATCH(AS2, $F$2:$AS$2, 0)), 0)) -> #N/A
A40: Excuse Stay in
A41: PA
A42: R&D
A43: RM
A44: PR
A45: MEDIA
A46: TCRS 3
A47: OPS RM
A48: TRG BR
A49: SBE

Sheet December Master Duty Overview
A1: Duty Personnel Duty | B1: Total Points | C1: Duty Points | D1: Reserve Points | E1: Reserve Points 2 | F1: SUNDAY (AM) | G1: SUNDAY (PM) | H1: MONDAY | I1: TUESDAY | J1: WEDNESDAY | K1: THURSDAY | L1: FRIDAY | M1: SATURDAY (AM) | N1: SATURDAY (PM) | O1: SUNDAY (AM) | P1: SUNDAY (PM) | Q1: MONDAY | R1: TUESDAY | S1: WEDNESDAY | T1: THURSDAY | U1: FRIDAY | V1: SATURDAY (AM) | W1: SATURDAY (PM) | X1: SUNDAY (AM) | Y1: SUNDAY (PM) | Z1: MONDAY | AA1: TUESDAY | AB1: WEDNESDAY | AC1: THURSDAY | AD1: FRIDAY | AE1: SATURDAY (AM) | AF1: SATURDAY (PM) | AG1: SUNDAY (AM) | AH1: SUNDAY (PM) | AI1: MONDAY | AJ1: TUESDAY | AK1: WEDNESDAY (AM) | AL1: WEDNESDAY (PM) | AM1: THURSDAY | AN1: FRIDAY | AO1: SATURDAY (AM) | AP1: SATURDAY (PM) | AQ1: SUNDAY (AM) | AR1: SUNDAY (PM) | AS1: MONDAY | AT1: TUESDAY | AU1: TUESDAY
F2: 1-12-24 (AM) | G2: 1-12-24 (PM) | H2: 45628 | I2: 45629 | J2: 45630 | K2: 45631 | L2: 45632 | M2: 7-12-24 (AM) | N2: 7-12-24 (PM) | O2: 8-12-24 (AM) | P2: 8-12-24 (PM) | Q2: 45635 | R2: 45636 | S2: 45637 | T2: 45638 | U2: 45639 | V2: 14-12-24 (AM) | W2: 14-12-24 (PM) | X2: 15-12-24 (AM) | Y2: 15-12-24 (PM) | Z2: 45642 | AA2: 45643 | AB2: 45644 | AC2: 45645 | AD2: 45646 | AE2: 21-12-24 (AM) | AF2: 21-12-24 (PM) | AG2: 22-12-24 (AM) | AH2: 22-12-24 (PM) | AI2: 45649 | AJ2: 45650 | AK2: 25-12-24 (PAM) | AL2: 25-12-24 (PPM) | AM2: 45652 | AN2: 45653 | AO2: 28-12-24 (AM) | AP2: 28-12-24 (PM) | AQ2: 29-12-24 (AM) | AR2: 29-12-24 (PM) | AS2: 45656 | AT2: 45657 | AU2: 45650
A3: LCP EZRA | B3: =SUM(C3:D3) -> 4 | C3: =SUM(F3:AT3) -> 2 | D3: {=SUM(IF(F3:AT3="R",1,0))} -> 2 | E3: {=SUM(IF(F3:AT3="R2",1,0))} -> 2 | Q3: r2 | W3: r | Y3: 1 | AH3: 1 | AJ3: r2 | AS3: r
A4: LCP FIRMAN | B4: =SUM(C4:D4) -> 4 | C4: =SUM(F4:AT4) -> 2 | D4: {=SUM(IF(F4:AT4="R",1,0))} -> 2 | E4: {=SUM(IF(F4:AT4="R2",1,0))} -> 2 | P4: r | AB4: r2 | AF4: 1 | AH4: r | AK4: 1 | AN4: r2
A5: PTE AFIF | B5: =SUM(C5:D5) -> 3 | C5: =SUM(F5:AT5) -> 1 | D5: {=SUM(IF(F5:AT5="R",1,0))} -> 2 | E5: {=SUM(IF(F5:AT5="R2",1,0))} -> 2 | O5: 1 | Y5: r | AA5: r2 | AJ5: r | AP5: r2
A6: PTE DYLAN | C6: =SUM(F6:AT6) -> 1 | D6: {=SUM(IF(F6:AT6="R",1,0))} -> 2 | E6: {=SUM(IF(F6:AT6="R2",1,0))} -> 2 | T6: 1 | V6: r2 | X6: r | AF6: r | AH6: r2
A7: LCP ADAM | B7: =SUM(C7:D7) -> 3 | C7: =SUM(F7:AT7) -> 1 | D7: {=SUM(IF(F7:AT7="R",1,0))} -> 2 | E7: {=SUM(IF(F7:AT7="R2",1,0))} -> 2 | I7: r | Y7: r2 | AA7: r | AF7: r2 | AL7: 1
A8: LCP AMIRUL | B8: =SUM(C8:D8) -> 4 | C8: =SUM(F8:AT8) -> 2 | D8: {=SUM(IF(F8:AT8="R",1,0))} -> 2 | E8: {=SUM(IF(F8:AT8="R2",1,0))} -> 2 | J8: r | K8: r2 | U8: r2 | W8: 1 | AA8: 1 | AC8: r
A9: REC RUI FENG | B9: =SUM(C9:D9) -> 1 | C9: =SUM(F9:AT9) -> 1 | D9: {=SUM(IF(F9:AT9="R",1,0))} -> 0 | E9: {=SUM(IF(F9:AT9="R2",1,0))} -> 0 | V9: 1
A10: PTE AZHARI | C10: =SUM(F10:AT10) -> 2 | D10: {=SUM(IF(F10:AT10="R",1,0))} -> 2 | E10: {=SUM(IF(F10:AT10="R2",1,0))} -> 2 | S10: r2 | AJ10: 1 | AL10: r | AN10: 1 | AQ10: r | AR10: r2
A11: REC ETHAN | B11: =SUM(C11:D11) -> 0 | C11: =SUM(F11:AT11) -> 0 | D11: {=SUM(IF(F11:AT11="R",1,0))} -> 0 | E11: {=SUM(IF(F11:AT11="R2",1,0))} -> 0
A12: LCP AMIN | C12: =SUM(F12:AT12) -> 2 | D12: {=SUM(IF(F12:AT12="R",1,0))} -> 2 | E12: {=SUM(IF(F12:AT12="R2",1,0))} -> 3 | L12: 1 | M12: r2 | N12: r2 | Q12: r | AD12: r2 | AR12: 1 | AT12: r
A13: PTE JASPER | B13: =SUM(C13:D13) -> 4 | C13: =SUM(F13:AT13) -> 2 | D13: {=SUM(IF(F13:AT13="R",1,0))} -> 2 | E13: {=SUM(IF(F13:AT13="R2",1,0))} -> 2 | L13: r | N13: 1 | W13: r2 | AD13: r | AG13: 1 | AM13: r2
A14: PTE ISAAC | C14: =SUM(F14:AT14) -> 2 | D14: {=SUM(IF(F14:AT14="R",1,0))} -> 2 | E14: {=SUM(IF(F14:AT14="R2",1,0))} -> 2 | H14: r2 | J14: 1 | N14: r | AD14: 1 | AG14: r2 | AR14: r
A15: REC PARAM | C15: =SUM(F15:AT15) -> 1 | D15: {=SUM(IF(F15:AT15="R",1,0))} -> 1 | E15: {=SUM(IF(F15:AT15="R2",1,0))} -> 0 | F15: r | M15: 1
A16: PTE ABBAS | B16: =SUM(C16:D16) -> 2 | C16: =SUM(F16:AT16) -> 1 | D16: {=SUM(IF(F16:AT16="R",1,0))} -> 1 | E16: {=SUM(IF(F16:AT16="R2",1,0))} -> 0 | AE16: r | AO16: 1
A17: REC ASH | C17: =SUM(F17:AT17) -> 1 | D17: {=SUM(IF(F17:AT17="R",1,0))} -> 1 | E17: {=SUM(IF(F17:AT17="R2",1,0))} -> 0 | U17: 1 | Z17: r
A18: PTE HAQIMI | B18: =SUM(C18:D18) -> 3 | C18: =SUM(F18:AT18) -> 2 | D18: {=SUM(IF(F18:AT18="R",1,0))} -> 1 | E18: {=SUM(IF(F18:AT18="R2",1,0))} -> 3 | J18: r2 | S18: 1 | AC18: r2 | AE18: 1 | AL18: r2 | AO18: r
A19: PTE GABRIEL | B19: =SUM(C19:D19) -> 3 | C19: =SUM(F19:AT19) -> 1 | D19: {=SUM(IF(F19:AT19="R",1,0))} -> 2 | E19: {=SUM(IF(F19:AT19="R2",1,0))} -> 2 | U19: r | X19: r2 | AC19: 1 | AN19: r | AT19: r2
A20: LCP GLADWYN | B20: =SUM(C20:D20) -> 4 | C20: =SUM(F20:AT20) -> 2 | D20: {=SUM(IF(F20:AT20="R",1,0))} -> 2 | E20: {=SUM(IF(F20:AT20="R2",1,0))} -> 2 | F20: r2 | K20: r | Q20: 1 | AM20: r | AP20: 1 | AS20: r2
A21: LCP ZI XUAN | B21: =SUM(C21:D21) -> 4 | C21: =SUM(F21:AT21) -> 2 | D21: {=SUM(IF(F21:AT21="R",1,0))} -> 2 | E21: {=SUM(IF(F21:AT21="R2",1,0))} -> 1 | G21: r2 | S21: r | AM21: 1 | AP21: r | AS21: 1
A22: PTE DEXTER | C22: =SUM(F22:AT22) -> 2 | D22: {=SUM(IF(F22:AT22="R",1,0))} -> 1 | E22: {=SUM(IF(F22:AT22="R2",1,0))} -> 2 | G22: r | K22: 1 | L22: r2 | AQ22: r2 | AT22: 1
A23: PTE REUVEN | B23: =SUM(C23:D23) -> 3 | C23: =SUM(F23:AT23) -> 1 | D23: {=SUM(IF(F23:AT23="R",1,0))} -> 2 | E23: {=SUM(IF(F23:AT23="R2",1,0))} -> 2 | M23: r | O23: r | X23: 1 | AE23: r2 | AK23: r2
A24: 3SG YAOCHEN | C24: =SUM(F24:AT24) -> 2 | D24: {=SUM(IF(F24:AT24="R",1,0))} -> 2 | E24: {=SUM(IF(F24:AT24="R2",1,0))} -> 2 | F24: 1 | O24: r2 | AG24: r | AK24: r | AO24: r2 | AQ24: 1
A25: PTE HAO QIAN | B25: =SUM(C25:D25) -> 2 | C25: =SUM(F25:AT25) -> 2 | D25: {=SUM(IF(F25:AT25="R",1,0))} -> 0 | E25: {=SUM(IF(F25:AT25="R2",1,0))} -> 0 | G25: 1 | P25: 1
A26: PTE JIREH | B26: =SUM(C26:D26) -> 0 | C26: =SUM(F26:AT26) -> 0 | D26: {=SUM(IF(F26:AT26="R",1,0))} -> 0 | E26: {=SUM(IF(F26:AT26="R2",1,0))} -> 0
A27: PTE INDRA | B27: =SUM(C27:D27) -> 4 | C27: =SUM(F27:AT27) -> 2 | D27: {=SUM(IF(F27:AT27="R",1,0))} -> 2 | E27: {=SUM(IF(F27:AT27="R2",1,0))} -> 2 | I27: 1 | P27: r2 | R27: r | T27: r | AB27: 1 | AI27: r2
A28: PTE KRISHAN | B28: =SUM(C28:D28) -> 4 | C28: =SUM(F28:AT28) -> 2 | D28: {=SUM(IF(F28:AT28="R",1,0))} -> 2 | E28: {=SUM(IF(F28:AT28="R2",1,0))} -> 2 | H28: r | I28: r2 | R28: r2 | V28: r | Z28: 1 | AI28: 1
A29: PTE MICHAEL | C29: =SUM(F29:AT29) -> 2 | D29: {=SUM(IF(F29:AT29="R",1,0))} -> 2 | E29: {=SUM(IF(F29:AT29="R2",1,0))} -> 2 | H29: 1 | R29: 1 | T29: r2 | Z29: r2 | AB29: r | AI29: r
A30: Total | B30: =SUM(B4:B11) -> 15 | C30: =SUM(F30:AT30) -> 41 | F30: =SUM(F3:F29) -> 1 | G30: =SUM(G3:G29) -> 1 | H30: =SUM(H3:H29) -> 1 | I30: =SUM(I3:I29) -> 1 | J30: =SUM(J3:J29) -> 1 | K30: =SUM(K3:K29) -> 1 | L30: =SUM(L3:L29) -> 1 | M30: =SUM(M3:M29) -> 1 | ... AT30: =SUM(AT3:AT29) -> 1
A31: Reserve 1 | B31: =SUM(F31:AR31) -> 39 | C31: =SUM(F31:AT31) -> 41 | F31: {=SUM(IF(F3:F29="R",1,0))} -> 1 | G31: {=SUM(IF(G3:G29="R",1,0))} -> 1 | H31: {=SUM(IF(H3:H29="R",1,0))} -> 1 | I31: {=SUM(IF(I3:I29="R",1,0))} -> 1 | J31: {=SUM(IF(J3:J29="R",1,0))} -> 1 | K31: {=SUM(IF(K3:K29="R",1,0))} -> 1 | L31: {=SUM(IF(L3:L29="R",1,0))} -> 1 | M31: {=SUM(IF(M3:M29="R",1,0))} -> 1 | ... AT31: {=SUM(IF(AT3:AT29="R",1,0))} -> 1
A32: Reserve 2 | B32: =SUM(F32:AR32) -> 39 | C32: =SUM(F32:AT32) -> 41 | F32: {=SUM(IF(F3:F29="R2",1,0))} -> 1 | G32: {=SUM(IF(G3:G29="R2",1,0))} -> 1 | H32: {=SUM(IF(H3:H29="R2",1,0))} -> 1 | I32: {=SUM(IF(I3:I29="R2",1,0))} -> 1 | J32: {=SUM(IF(J3:J29="R2",1,0))} -> 1 | K32: {=SUM(IF(K3:K29="R2",1,0))} -> 1 | L32: {=SUM(IF(L3:L29="R2",1,0))} -> 1 | M32: {=SUM(IF(M3:M29="R2",1,0))} -> 1 | ... AT32: {=SUM(IF(AT3:AT29="R2",1,0))} -> 1
E33: Duty Clerk | F33: =IFERROR(INDEX($A$3:$A$29, MATCH(1, INDEX($F$3:$AT$29, 0, MATCH(F2, $F$2:$AT$2, 0)), 0)), INDEX($A$3:$A$29, MATCH(1, INDEX($F$3:$AT$29, 0, MATCH(F2&" AM", $F$2:$AT$2, 0)), 0))) -> 3SG YAOCHEN | G33: =IFERROR(INDEX($A$3:$A$29, MATCH(1, INDEX($F$3:$AT$29, 0, MATCH(G2, $F$2:$AT$2, 0)), 0)), INDEX($A$3:$A$29, MATCH(1, INDEX($F$3:$AT$29, 0, MATCH(G2&" AM", $F$2:$AT$2, 0)), 0))) -> PTE HAO QIAN | H33: =IFERROR(INDEX($A$3:$A$29, MATCH(1, INDEX($F$3:$AT$29, 0, MATCH(H2, $F$2:$AT$2, 0)), 0)), INDEX($A$3:$A$29, MATCH(1, INDEX($F$3:$AT$29, 0, MATCH(H2&" AM", $F$2:$AT$2, 0)), 0))) -> PTE MICHAEL | I33: =IFERROR(INDEX($A$3:$A$29, MATCH(1, INDEX($F$3:$AT$29, 0, MATCH(I2, $F$2:$AT$2, 0)), 0)), INDEX($A$3:$A$29, MATCH(1, INDEX($F$3:$AT$29, 0, MATCH(I2&" AM", $F$2:$AT$2, 0)), 0))) -> PTE INDRA | J33: =IFERROR(INDEX($A$3:$A$29, MATCH(1, INDEX($F$3:$AT$29, 0, MATCH(J2, $F$2:$AT$2, 0)), 0)), INDEX($A$3:$A$29, MATCH(1, INDEX($F$3:$AT$29, 0, MATCH(J2&" AM", $F$2:$AT$2, 0)), 0))) -> PTE ISAAC | K33: =IFERROR(INDEX($A$3:$A$29, MATCH(1, INDEX($F$3:$AT$29, 0, MATCH(K2, $F$2:$AT$2, 0)), 0)), INDEX($A$3:$A$29, MATCH(1, INDEX($F$3:$AT$29, 0, MATCH(K2&" AM", $F$2:$AT$2, 0)), 0))) -> PTE DEXTER | L33: =IFERROR(INDEX($A$3:$A$29, MATCH(1, INDEX($F$3:$AT$29, 0, MATCH(L2, $F$2:$AT$2, 0)), 0)), INDEX($A$3:$A$29, MATCH(1, INDEX($F$3:$AT$29, 0, MATCH(L2&" AM", $F$2:$AT$2, 0)), 0))) -> LCP AMIN | M33: =IFERROR(INDEX($A$3:$A$29, MATCH(1, INDEX($F$3:$AT$29, 0, MATCH(M2, $F$2:$AT$2, 0)), 0)), INDEX($A$3:$A$29, MATCH(1, INDEX($F$3:$AT$29, 0, MATCH(M2&" AM", $F$2:$AT$2, 0)), 0))) -> REC PARAM | ... AT33: =IFERROR(INDEX($A$3:$A$29, MATCH(1, INDEX($F$3:$AT$29, 0, MATCH(AT2, $F$2:$AT$2, 0)), 0)), INDEX($A$3:$A$29, MATCH(1, INDEX($F$3:$AT$29, 0, MATCH(AT2&" AM", $F$2:$AT$2, 0)), 0))) -> PTE DEXTER
A34: Total Duties | C34: =COUNTA($F$1:$AT$1) -> 41 | E34: Reserve | F34: =INDEX($A$3:$A$29, MATCH("R", INDEX($F$3:$AT$29, 0, MATCH(F2, $F$2:$AT$2, 0)), 0)) -> REC PARAM | G34: =INDEX($A$3:$A$29, MATCH("R", INDEX($F$3:$AT$29, 0, MATCH(G2, $F$2:$AT$2, 0)), 0)) -> PTE DEXTER | H34: =INDEX($A$3:$A$29, MATCH("R", INDEX($F$3:$AT$29, 0, MATCH(H2, $F$2:$AT$2, 0)), 0)) -> PTE KRISHAN | I34: =INDEX($A$3:$A$29, MATCH("R", INDEX($F$3:$AT$29, 0, MATCH(I2, $F$2:$AT$2, 0)), 0)) -> LCP ADAM | J34: =INDEX($A$3:$A$29, MATCH("R", INDEX($F$3:$AT$29, 0, MATCH(J2, $F$2:$AT$2, 0)), 0)) -> LCP AMIRUL | K34: =INDEX($A$3:$A$29, MATCH("R", INDEX($F$3:$AT$29, 0, MATCH(K2, $F$2:$AT$2, 0)), 0)) -> LCP GLADWYN | L34: =INDEX($A$3:$A$29, MATCH("R", INDEX($F$3:$AT$29, 0, MATCH(L2, $F$2:$AT$2, 0)), 0)) -> PTE JASPER | M34: =INDEX($A$3:$A$29, MATCH("R", INDEX($F$3:$AT$29, 0, MATCH(M2, $F$2:$AT$2, 0)), 0)) -> PTE REUVEN | ... AT34: =INDEX($A$3:$A$29, MATCH("R", INDEX($F$3:$AT$29, 0, MATCH(AT2, $F$2:$AT$2, 0)), 0)) -> LCP AMIN
A35: Total Personnel | C35: =SUBTOTAL(103, $A$3:$A$29) -> 25 | E35: Reserve 2 | F35: =INDEX($A$3:$A$29, MATCH("R2", INDEX($F$3:$AT$29, 0, MATCH(F2, $F$2:$AT$2, 0)), 0)) -> LCP GLADWYN | G35: =INDEX($A$3:$A$29, MATCH("R2", INDEX($F$3:$AT$29, 0, MATCH(G2, $F$2:$AT$2, 0)), 0)) -> LCP ZI XUAN | H35: =INDEX($A$3:$A$29, MATCH("R2", INDEX($F$3:$AT$29, 0, MATCH(H2, $F$2:$AT$2, 0)), 0)) -> PTE ISAAC | I35: =INDEX($A$3:$A$29, MATCH("R2", INDEX($F$3:$AT$29, 0, MATCH(I2, $F$2:$AT$2, 0)), 0)) -> PTE KRISHAN | J35: =INDEX($A$3:$A$29, MATCH("R2", INDEX($F$3:$AT$29, 0, MATCH(J2, $F$2:$AT$2, 0)), 0)) -> PTE HAQIMI | K35: =INDEX($A$3:$A$29, MATCH("R2", INDEX($F$3:$AT$29, 0, MATCH(K2, $F$2:$AT$2, 0)), 0)) -> LCP AMIRUL | L35: =INDEX($A$3:$A$29, MATCH("R2", INDEX($F$3:$AT$29, 0, MATCH(L2, $F$2:$AT$2, 0)), 0)) -> PTE DEXTER | M35: =INDEX($A$3:$A$29, MATCH("R2", INDEX($F$3:$AT$29, 0, MATCH(M2, $F$2:$AT$2, 0)), 0)) -> LCP AMIN | ... AT35: =INDEX($A$3:$A$29, MATCH("R2", INDEX($F$3:$AT$29, 0, MATCH(AT2, $F$2:$AT$2, 0)), 0)) -> PTE GABRIEL
A39: Excuse Stay in
A40: PA
A41: R&D
A42: RM
A43: PR
A44: MEDIA
A45: OPS RM
A46: TRG BR
A47: SBE
A48: TCRS 1
A49: TCRS 2
A50: TCRS 3

Sheet January Master Duty Overview
A1: Duty Personnel Duty | B1: Total Points | C1: Duty Points | D1: Reserve Points | E1: Reserve Points 2 | F1: WEDNESDAY (AM) | G1: WEDNESDAY (PM) | H1: THURSDAY | I1: FRIDAY | J1: SATURDAY {AM) | K1: SATURDAY (PM) | L1: SUNDAY (AM) | M1: SUNDAY (PM) | N1: MONDAY | O1: TUESDAY | P1: WEDNESDAY | Q1: THURSDAY | R1: FRIDAY | S1: SATURDAY (AM) | T1: SATURDAY (PM) | U1: SUNDAY (AM) | V1: SUNDAY (PM) | W1: MONDAY | X1: TUESDAY | Y1: WEDNESDAY | Z1: THURSDAY | AA1: FRIDAY | AB1: SATURDAY (AM) | AC1: SATURDAY (PM) | AD1: SUNDAY (AM) | AE1: SUNDAY (PM) | AF1: MONDAY | AG1: TUESDAY | AH1: WEDNESDAY | AI1: THURSDAY | AJ1: FRIDAY | AK1: SATURDAY (AM) | AL1: SATURDAY (PM) | AM1: SUNDAY (AM) | AN1: SUNDAY (PM) | AO1: MONDAY | AP1: TUESDAY | AQ1: WEDNESDAY (AM) | AR1: WEDNESDAY (PM) | AS1: THURSDAY (AM) | AT1: THURSDAY (PM) | AU1: FRIDAY | AV1: SATURDAY (AM) | AW1: SATURDAY (PM) | AX1: SUNDAY (AM) | AY1: SUNDAY (PM)
F2: 01-01-25 (PAM) | G2: 01-01-25 (PPM) | H2: 45659 | I2: 45660 | J2: 4-1-25 (AM) | K2: 4-1-25 (PM) | L2: 5-1-25 (AM) | M2: 5-1-25 (PM) | N2: 45663 | O2: 45664 | P2: 45665 | Q2: 45666 | R2: 45667 | S2: 11-1-25 (AM) | T2: 11-1-25 (PM) | U2: 12-1-25 (AM) | V2: 12-1-25 (PM) | W2: 45670 | X2: 45671 | Y2: 45672 | Z2: 45673 | AA2: 45674 | AB2: 18-1-25 (AM) | AC2: 18-1-25 (PM) | AD2: 19-1-25 (AM) | AE2: 19-1-25 (PM) | AF2: 45677 | AG2: 45678 | AH2: 45679 | AI2: 45680 | AJ2: 45681 | AK2: 25-1-25 (AM) | AL2: 25-1-25 (PM) | AM2: 26-1-25 (AM) | AN2: 26-1-25 (PM) | AO2: 45684 | AP2: 45685 | AQ2: 29-1-25 (PAM) | AR2: 29-01-25 (PPM) | AS2: 30-01-25 (PAM) | AT2: 30-01-25 (PPM) | AU2: 45688 | AV2: 25-1-25 (AM) | AW2: 25-1-25 (PM) | AX2: 26-1-25 (AM) | AY2: 26-1-25 (PM)
A3: LCP EZRA | B3: =SUM(C3:D3) -> 2 | C3: =SUM(F3:AU3) -> 1 | D3: {=SUM(IF(F3:AU3="R",1,0))} -> 1 | E3: {=SUM(IF(F3:AU3="R2",1,0))} -> 2 | G3: r2 | V3: r | AR3: 1 | AT3: r2
A4: LCP FIRMAN | B4: =SUM(C4:D4) -> 3 | C4: =SUM(F4:AU4) -> 1 | D4: {=SUM(IF(F4:AU4="R",1,0))} -> 2 | E4: {=SUM(IF(F4:AU4="R2",1,0))} -> 1 | L4: r2 | AH4: r | AQ4: 1 | AT4: r
A5: PTE AFIF | B5: =SUM(C5:D5) -> 2 | C5: =SUM(F5:AU5) -> 1 | D5: {=SUM(IF(F5:AU5="R",1,0))} -> 1 | E5: {=SUM(IF(F5:AU5="R2",1,0))} -> 2 | J5: R2 | M5: r | V5: r2 | AH5: 1
A6: PTE DYLAN | C6: =SUM(F6:AU6) -> 2 | D6: {=SUM(IF(F6:AU6="R",1,0))} -> 1 | E6: {=SUM(IF(F6:AU6="R2",1,0))} -> 2 | I6: r2 | Q6: r2 | Y6: r | AI6: 1 | AL6: 1
A7: LCP ADAM | B7: =SUM(C7:D7) -> 3 | C7: =SUM(F7:AU7) -> 1 | D7: {=SUM(IF(F7:AU7="R",1,0))} -> 2 | E7: {=SUM(IF(F7:AU7="R2",1,0))} -> 2 | F7: r | H7: r2 | AI7: r2 | AP7: r | AT7: 1
A8: LCP AMIRUL | B8: =SUM(C8:D8) -> 3 | C8: =SUM(F8:AU8) -> 1 | D8: {=SUM(IF(F8:AU8="R",1,0))} -> 2 | E8: {=SUM(IF(F8:AU8="R2",1,0))} -> 2 | AC8: r2 | AG8: r2 | AN8: r | AS8: 1 | AU8: r
A9: REC RUI FENG | B9: =SUM(C9:D9) -> 2 | C9: =SUM(F9:AU9) -> 1 | D9: {=SUM(IF(F9:AU9="R",1,0))} -> 1 | E9: {=SUM(IF(F9:AU9="R2",1,0))} -> 1 | J9: 1 | AK9: r2 | AM9: r
A10: PTE AZHARI | C10: =SUM(F10:AU10) -> 2 | D10: {=SUM(IF(F10:AU10="R",1,0))} -> 2 | E10: {=SUM(IF(F10:AU10="R2",1,0))} -> 2 | Z10: 1 | AC10: r | AG10: 1 | AJ10: r2 | AR10: r | AU10: r2
A11: LCP AMIN | C11: =SUM(F11:AU11) -> 2 | D11: {=SUM(IF(F11:AU11="R",1,0))} -> 1 | E11: {=SUM(IF(F11:AU11="R2",1,0))} -> 1 | G11: r | K11: 1 | O11: 1 | X11: r2
A12: PTE JASPER | B12: =SUM(C12:D12) -> 0 | C12: =SUM(F12:AU12) -> 0 | D12: {=SUM(IF(F12:AU12="R",1,0))} -> 0 | E12: {=SUM(IF(F12:AU12="R2",1,0))} -> 0
A13: PTE ISAAC | C13: =SUM(F13:AU13) -> 1 | D13: {=SUM(IF(F13:AU13="R",1,0))} -> 2 | E13: {=SUM(IF(F13:AU13="R2",1,0))} -> 2 | M13: r2 | O13: r2 | AA13: 1 | AI13: r | AO13: r
A14: PTE ABBAS | B14: =SUM(C14:D14) -> 4 | C14: =SUM(F14:AU14) -> 2 | D14: {=SUM(IF(F14:AU14="R",1,0))} -> 2 | E14: {=SUM(IF(F14:AU14="R2",1,0))} -> 1 | F14: r2 | J14: r | U14: 1 | AB14: r | AD14: 1
A15: PTE JEFF | B15: =SUM(C15:D15) -> 4 | C15: =SUM(F15:AU15) -> 3 | D15: {=SUM(IF(F15:AU15="R",1,0))} -> 1 | E15: {=SUM(IF(F15:AU15="R2",1,0))} -> 1 | I15: r | V15: 1 | AC15: 1 | AH15: r2 | AO15: 1
A16: REC ASH | C16: =SUM(F16:AU16) -> 2 | D16: {=SUM(IF(F16:AU16="R",1,0))} -> 2 | E16: {=SUM(IF(F16:AU16="R2",1,0))} -> 2 | P16: r2 | X16: r | AF16: r | AM16: 1 | AR16: R2 | AU16: 1
A17: PTE HAQIMI | B17: =SUM(C17:D17) -> 3 | C17: =SUM(F17:AU17) -> 2 | D17: {=SUM(IF(F17:AU17="R",1,0))} -> 1 | E17: {=SUM(IF(F17:AU17="R2",1,0))} -> 2 | K17: r2 | R17: 1 | AA17: r2 | AP17: 1 | AS17: r
A18: PTE GABRIEL | B18: =SUM(C18:D18) -> 3 | C18: =SUM(F18:AU18) -> 1 | D18: {=SUM(IF(F18:AU18="R",1,0))} -> 2 | E18: {=SUM(IF(F18:AU18="R2",1,0))} -> 1 | AE18: 1 | AG18: r | AL18: r | AP18: r2
A19: LCP GLADWYN | B19: =SUM(C19:D19) -> 3 | C19: =SUM(F19:AU19) -> 1 | D19: {=SUM(IF(F19:AU19="R",1,0))} -> 2 | E19: {=SUM(IF(F19:AU19="R2",1,0))} -> 1 | N19: r | U19: r2 | AE19: r | AN19: 1
A20: LCP ZI XUAN | B20: =SUM(C20:D20) -> 3 | C20: =SUM(F20:AU20) -> 1 | D20: {=SUM(IF(F20:AU20="R",1,0))} -> 2 | E20: {=SUM(IF(F20:AU20="R2",1,0))} -> 1 | N20: 1 | Q20: r | S20: R | Y20: r2
A21: PTE DEXTER | C21: =SUM(F21:AU21) -> 0 | D21: {=SUM(IF(F21:AU21="R",1,0))} -> 0 | E21: {=SUM(IF(F21:AU21="R2",1,0))} -> 0
A22: PTE REUVEN | B22: =SUM(C22:D22) -> 3 | C22: =SUM(F22:AU22) -> 2 | D22: {=SUM(IF(F22:AU22="R",1,0))} -> 1 | E22: {=SUM(IF(F22:AU22="R2",1,0))} -> 2 | S22: r2 | U22: r | AB22: 1 | AD22: r2 | AK22: 1
A23: 3SG YAOCHEN | C23: =SUM(F23:AU23) -> 2 | D23: {=SUM(IF(F23:AU23="R",1,0))} -> 2 | E23: {=SUM(IF(F23:AU23="R2",1,0))} -> 2 | F23: 1 | S23: 1 | AD23: r | AK23: r | AM23: r2 | AQ23: r2
A24: PTE HAO QIAN | B24: =SUM(C24:D24) -> 3 | C24: =SUM(F24:AU24) -> 1 | D24: {=SUM(IF(F24:AU24="R",1,0))} -> 2 | E24: {=SUM(IF(F24:AU24="R2",1,0))} -> 1 | H24: r | K24: r | AF24: 1 | AN24: R2
A25: PTE JIREH | B25: =SUM(C25:D25) -> 4 | C25: =SUM(F25:AU25) -> 2 | D25: {=SUM(IF(F25:AU25="R",1,0))} -> 2 | E25: {=SUM(IF(F25:AU25="R2",1,0))} -> 2 | G25: 1 | M25: 1 | O25: r | R25: r2 | T25: r | W25: r2
A26: PTE RYAN | C26: 3 | D26: {=SUM(IF(F26:AU26="R",1,0))} -> 1 | E26: {=SUM(IF(F26:AU26="R2",1,0))} -> 2 | G26: u | I26: 1 | L26: 1 | P26: r | T26: r2 | AJ26: 1 | AL26: r2
A27: PTE INDRA | B27: =SUM(C27:D27) -> 4 | C27: =SUM(F27:AU27) -> 2 | D27: {=SUM(IF(F27:AU27="R",1,0))} -> 2 | E27: {=SUM(IF(F27:AU27="R2",1,0))} -> 2 | Q27: 1 | T27: 1 | W27: r | Z27: r2 | AE27: r2 | AQ27: r
A28: PTE KRISHAN | B28: =SUM(C28:D28) -> 4 | C28: =SUM(F28:AU28) -> 2 | D28: {=SUM(IF(F28:AU28="R",1,0))} -> 2 | E28: {=SUM(IF(F28:AU28="R2",1,0))} -> 2 | L28: r | N28: r2 | W28: 1 | Y28: 1 | AA28: r | AF28: r2
A29: PTE MICHAEL | C29: =SUM(F29:AU29) -> 2 | D29: {=SUM(IF(F29:AU29="R",1,0))} -> 2 | E29: {=SUM(IF(F29:AU29="R2",1,0))} -> 2 | P29: 1 | R29: r | X29: 1 | Z29: r | AB29: r2 | AS29: R2
A30: Total | B30: =SUM(B4:B15) -> 21 | C30: =SUM(F30:AU30) -> 41 | F30: =SUM(F3:F29) -> 1 | G30: =SUM(G3:G29) -> 1 | H30: =SUM(H3:H29) -> 0 | I30: =SUM(I3:I29) -> 1 | J30: =SUM(J3:J29) -> 1 | K30: =SUM(K3:K29) -> 1 | L30: =SUM(L3:L29) -> 1 | M30: =SUM(M3:M29) -> 1 | ... AU30: =SUM(AU3:AU29) -> 1
A31: Reserve 1 | B31: =SUM(F31:AS31) -> 39 | C31: =SUM(F31:AU31) -> 41 | F31: {=SUM(IF(F3:F29="R",1,0))} -> 1 | G31: {=SUM(IF(G3:G29="R",1,0))} -> 1 | H31: {=SUM(IF(H3:H29="R",1,0))} -> 1 | I31: {=SUM(IF(I3:I29="R",1,0))} -> 1 | J31: {=SUM(IF(J3:J29="R",1,0))} -> 1 | K31: {=SUM(IF(K3:K29="R",1,0))} -> 1 | L31: {=SUM(IF(L3:L29="R",1,0))} -> 1 | M31: {=SUM(IF(M3:M29="R",1,0))} -> 1 | ... AU31: {=SUM(IF(AU3:AU29="R",1,0))} -> 1
A32: Reserve 2 | B32: =SUM(F32:AS32) -> 39 | C32: =SUM(F32:AU32) -> 41 | F32: {=SUM(IF(F3:F29="R2",1,0))} -> 1 | G32: {=SUM(IF(G3:G29="R2",1,0))} -> 1 | H32: {=SUM(IF(H3:H29="R2",1,0))} -> 1 | I32: {=SUM(IF(I3:I29="R2",1,0))} -> 1 | J32: {=SUM(IF(J3:J29="R2",1,0))} -> 1 | K32: {=SUM(IF(K3:K29="R2",1,0))} -> 1 | L32: {=SUM(IF(L3:L29="R2",1,0))} -> 1 | M32: {=SUM(IF(M3:M29="R2",1,0))} -> 1 | ... AU32: {=SUM(IF(AU3:AU29="R2",1,0))} -> 1
E33: Duty Clerk | F33: =IFERROR(INDEX($A$3:$A$29, MATCH(1, INDEX($F$3:$AU$29, 0, MATCH(F2, $F$2:$AU$2, 0)), 0)), INDEX($A$3:$A$29, MATCH(1, INDEX($F$3:$AU$29, 0, MATCH(F2&" AM", $F$2:$AU$2, 0)), 0))) -> 3SG YAOCHEN | G33: =IFERROR(INDEX($A$3:$A$29, MATCH(1, INDEX($F$3:$AU$29, 0, MATCH(G2, $F$2:$AU$2, 0)), 0)), INDEX($A$3:$A$29, MATCH(1, INDEX($F$3:$AU$29, 0, MATCH(G2&" AM", $F$2:$AU$2, 0)), 0))) -> PTE JIREH | H33: =IFERROR(INDEX($A$3:$A$29, MATCH(1, INDEX($F$3:$AU$29, 0, MATCH(H2, $F$2:$AU$2, 0)), 0)), INDEX($A$3:$A$29, MATCH(1, INDEX($F$3:$AU$29, 0, MATCH(H2&" AM", $F$2:$AU$2, 0)), 0))) -> #N/A | I33: =IFERROR(INDEX($A$3:$A$29, MATCH(1, INDEX($F$3:$AU$29, 0, MATCH(I2, $F$2:$AU$2, 0)), 0)), INDEX($A$3:$A$29, MATCH(1, INDEX($F$3:$AU$29, 0, MATCH(I2&" AM", $F$2:$AU$2, 0)), 0))) -> PTE RYAN | J33: =IFERROR(INDEX($A$3:$A$29, MATCH(1, INDEX($F$3:$AU$29, 0, MATCH(J2, $F$2:$AU$2, 0)), 0)), INDEX($A$3:$A$29, MATCH(1, INDEX($F$3:$AU$29, 0, MATCH(J2&" AM", $F$2:$AU$2, 0)), 0))) -> REC RUI FENG | K33: =IFERROR(INDEX($A$3:$A$29, MATCH(1, INDEX($F$3:$AU$29, 0, MATCH(K2, $F$2:$AU$2, 0)), 0)), INDEX($A$3:$A$29, MATCH(1, INDEX($F$3:$AU$29, 0, MATCH(K2&" AM", $F$2:$AU$2, 0)), 0))) -> LCP AMIN | L33: =IFERROR(INDEX($A$3:$A$29, MATCH(1, INDEX($F$3:$AU$29, 0, MATCH(L2, $F$2:$AU$2, 0)), 0)), INDEX($A$3:$A$29, MATCH(1, INDEX($F$3:$AU$29, 0, MATCH(L2&" AM", $F$2:$AU$2, 0)), 0))) -> PTE RYAN | M33: =IFERROR(INDEX($A$3:$A$29, MATCH(1, INDEX($F$3:$AU$29, 0, MATCH(M2, $F$2:$AU$2, 0)), 0)), INDEX($A$3:$A$29, MATCH(1, INDEX($F$3:$AU$29, 0, MATCH(M2&" AM", $F$2:$AU$2, 0)), 0))) -> PTE JIREH | ... AU33: =IFERROR(INDEX($A$3:$A$29, MATCH(1, INDEX($F$3:$AU$29, 0, MATCH(AU2, $F$2:$AU$2, 0)), 0)), INDEX($A$3:$A$29, MATCH(1, INDEX($F$3:$AU$29, 0, MATCH(AU2&" AM", $F$2:$AU$2, 0)), 0))) -> REC ASH
A34: Total Duties | C34: =COUNTA($F$1:$AU$1) -> 42 | E34: Reserve | F34: =INDEX($A$3:$A$29, MATCH("R", INDEX($F$3:$AU$29, 0, MATCH(F2, $F$2:$AU$2, 0)), 0)) -> LCP ADAM | G34: =INDEX($A$3:$A$29, MATCH("R", INDEX($F$3:$AU$29, 0, MATCH(G2, $F$2:$AU$2, 0)), 0)) -> LCP AMIN | H34: =INDEX($A$3:$A$29, MATCH("R", INDEX($F$3:$AU$29, 0, MATCH(H2, $F$2:$AU$2, 0)), 0)) -> PTE HAO QIAN | I34: =INDEX($A$3:$A$29, MATCH("R", INDEX($F$3:$AU$29, 0, MATCH(I2, $F$2:$AU$2, 0)), 0)) -> PTE JEFF | J34: =INDEX($A$3:$A$29, MATCH("R", INDEX($F$3:$AU$29, 0, MATCH(J2, $F$2:$AU$2, 0)), 0)) -> PTE ABBAS | K34: =INDEX($A$3:$A$29, MATCH("R", INDEX($F$3:$AU$29, 0, MATCH(K2, $F$2:$AU$2, 0)), 0)) -> PTE HAO QIAN | L34: =INDEX($A$3:$A$29, MATCH("R", INDEX($F$3:$AU$29, 0, MATCH(L2, $F$2:$AU$2, 0)), 0)) -> PTE KRISHAN | M34: =INDEX($A$3:$A$29, MATCH("R", INDEX($F$3:$AU$29, 0, MATCH(M2, $F$2:$AU$2, 0)), 0)) -> PTE AFIF | ... AU34: =INDEX($A$3:$A$29, MATCH("R", INDEX($F$3:$AU$29, 0, MATCH(AU2, $F$2:$AU$2, 0)), 0)) -> LCP AMIRUL
A35: Total Personnel | C35: =SUBTOTAL(103, $A$3:$A$29) -> 25 | E35: Reserve 2 | F35: =INDEX($A$3:$A$29, MATCH("R2", INDEX($F$3:$AU$29, 0, MATCH(F2, $F$2:$AU$2, 0)), 0)) -> PTE ABBAS | G35: =INDEX($A$3:$A$29, MATCH("R2", INDEX($F$3:$AU$29, 0, MATCH(G2, $F$2:$AU$2, 0)), 0)) -> LCP EZRA | H35: =INDEX($A$3:$A$29, MATCH("R2", INDEX($F$3:$AU$29, 0, MATCH(H2, $F$2:$AU$2, 0)), 0)) -> LCP ADAM | I35: =INDEX($A$3:$A$29, MATCH("R2", INDEX($F$3:$AU$29, 0, MATCH(I2, $F$2:$AU$2, 0)), 0)) -> PTE DYLAN | J35: =INDEX($A$3:$A$29, MATCH("R2", INDEX($F$3:$AU$29, 0, MATCH(J2, $F$2:$AU$2, 0)), 0)) -> PTE AFIF | K35: =INDEX($A$3:$A$29, MATCH("R2", INDEX($F$3:$AU$29, 0, MATCH(K2, $F$2:$AU$2, 0)), 0)) -> PTE HAQIMI | L35: =INDEX($A$3:$A$29, MATCH("R2", INDEX($F$3:$AU$29, 0, MATCH(L2, $F$2:$AU$2, 0)), 0)) -> LCP FIRMAN | M35: =INDEX($A$3:$A$29, MATCH("R2", INDEX($F$3:$AU$29, 0, MATCH(M2, $F$2:$AU$2, 0)), 0)) -> PTE ISAAC | ... AU35: =INDEX($A$3:$A$29, MATCH("R2", INDEX($F$3:$AU$29, 0, MATCH(AU2, $F$2:$AU$2, 0)), 0)) -> PTE AZHARI
A39: Excuse Stay in
A40: PA
A41: R&D
A42: RM
A43: PR
A44: MEDIA
A45: OPS RM
A46: TRG BR
A47: SBE
A48: TCRS 1
A49: TCRS 2
A50: TCRS 3

Sheet February Master Duty Overview
A1: Duty Personnel Duty | B1: Total Points | C1: Duty Points | D1: Reserve Points | E1: Reserve Points 2 | F1: SATURDAY {AM) | G1: SATURDAY (PM) | H1: SUNDAY (AM) | I1: SUNDAY (PM) | J1: MONDAY | K1: TUESDAY | L1: WEDNESDAY | M1: THURSDAY | N1: FRIDAY | O1: SATURDAY (AM) | P1: SATURDAY (PM) | Q1: SUNDAY (AM) | R1: SUNDAY (PM) | S1: MONDAY | T1: TUESDAY | U1: WEDNESDAY | V1: THURSDAY | W1: FRIDAY | X1: SATURDAY (AM) | Y1: SATURDAY (PM) | Z1: SUNDAY (AM) | AA1: SUNDAY (PM) | AB1: MONDAY | AC1: TUESDAY | AD1: WEDNESDAY | AE1: THURSDAY | AF1: FRIDAY | AG1: SATURDAY (AM) | AH1: SATURDAY (PM) | AI1: SUNDAY (AM) | AJ1: SUNDAY (PM) | AK1: MONDAY | AL1: TUESDAY | AM1: WEDNESDAY | AN1: THURSDAY | AO1: FRIDAY | AP1: SATURDAY (AM) | AQ1: SATURDAY (PM) | AR1: SUNDAY (AM) | AS1: SUNDAY (PM) | AT1: THURSDAY (PM) | AU1: FRIDAY | AV1: SATURDAY (AM) | AW1: SATURDAY (PM) | AX1: SUNDAY (AM) | AY1: SUNDAY (PM)
F2: 1-2-25 (AM) | G2: 1-2-25 (PM) | H2: 2-2-25 (AM) | I2: 2-2-25 (PM) | J2: 45691 | K2: 45692 | L2: 45693 | M2: 45694 | N2: 45695 | O2: 8-2-25 (AM) | P2: 8-2-25 (PM) | Q2: 9-2-25 (AM) | R2: 9-2-25 (PM) | S2: 45698 | T2: 45699 | U2: 45700 | V2: 45701 | W2: 45702 | X2: 15-2-25 (AM) | Y2: 15-2-25 (PM) | Z2: 16-2-25 (AM) | AA2: 16-2-25 (PM) | AB2: 45705 | AC2: 45706 | AD2: 45707 | AE2: 45708 | AF2: 45709 | AG2: 22-2-25 (AM) | AH2: 22-2-25 (PM) | AI2: 23-2-25 (AM) | AJ2: 23-2-25 (PM) | AK2: 45712 | AL2: 45713 | AM2: 45714 | AN2: 45715 | AO2: 45716 | AP2: 11-2-25 (AM) | AQ2: 11-2-25 (PM) | AR2: 12-2-25 (AM) | AS2: 12-2-25 (PM) | AT2: 30-2-25 (PPM) | AU2: 31-2-25 | AV2: 25-1-25 (AM) | AW2: 25-1-25 (PM) | AX2: 26-1-25 (AM) | AY2: 26-1-25 (PM)
A3: LCP EZRA | B3: =SUM(C3:D3) -> 2 | C3: =SUM(F3:AO3) -> 0 | D3: {=SUM(IF(F3:AO3="R",1,0))} -> 2 | E3: {=SUM(IF(F3:AO3="R2",1,0))} -> 2 | G3: r2 | J3: r2 | M3: r | P3: r
A4: CPL FIRMAN | B4: =SUM(C4:D4) -> 4 | C4: =SUM(F4:AO4) -> 2 | D4: {=SUM(IF(F4:AO4="R",1,0))} -> 2 | E4: {=SUM(IF(F4:AO4="R2",1,0))} -> 2 | G4: 1 | I4: r | M4: r2 | P4: 1 | U4: r2 | AB4: R
A5: PTE AFIF | B5: =SUM(C5:D5) -> 4 | C5: =SUM(F5:AO5) -> 2 | D5: {=SUM(IF(F5:AO5="R",1,0))} -> 2 | E5: {=SUM(IF(F5:AO5="R2",1,0))} -> 2 | H5: r | S5: 1 | V5: r2 | Z5: r2 | AD5: R | AG5: 1
A6: PTE JULLION | C6: =SUM(F6:AO6) -> 2 | D6: {=SUM(IF(F6:AO6="R",1,0))} -> 2 | E6: {=SUM(IF(F6:AO6="R2",1,0))} -> 2 | G6: r | I6: r2 | L6: r | O6: 1 | Q6: r2 | Z6: 1
A7: PTE TRISTAN | B7: =SUM(C7:D7) -> 5 | C7: =SUM(F7:AO7) -> 3 | D7: {=SUM(IF(F7:AO7="R",1,0))} -> 2 | E7: {=SUM(IF(F7:AO7="R2",1,0))} -> 2 | H7: r2 | J7: r | L7: r2 | N7: R | AA7: 1 | AJ7: 1 | AO7: 1
A8: REC RUI FENG | B8: =SUM(C8:D8) -> 2 | C8: =SUM(F8:AO8) -> 1 | D8: {=SUM(IF(F8:AO8="R",1,0))} -> 1 | E8: {=SUM(IF(F8:AO8="R2",1,0))} -> 1 | Q8: 1 | X8: r | AI8: r2
A9: PTE MITCHELL | B9: =SUM(C9:D9) -> 4 | C9: =SUM(F9:AO9) -> 3 | D9: {=SUM(IF(F9:AO9="R",1,0))} -> 1 | E9: {=SUM(IF(F9:AO9="R2",1,0))} -> 2 | F9: r2 | I9: 1 | K9: r | O9: r2 | X9: 1 | AF9: 1
A10: PTE INDRA | C10: =SUM(F10:AO10) -> 1 | D10: {=SUM(IF(F10:AO10="R",1,0))} -> 1 | E10: {=SUM(IF(F10:AO10="R2",1,0))} -> 1 | R10: r2 | U10: r | AD10: 1
A11: PTE KRISHAN | C11: =SUM(F11:AO11) -> 2 | D11: {=SUM(IF(F11:AO11="R",1,0))} -> 2 | E11: {=SUM(IF(F11:AO11="R2",1,0))} -> 2 | K11: 1 | N11: r2 | T11: 1 | V11: r | AK11: r2 | AN11: r
A12: PTE MICHAEL | B12: =SUM(C12:D12) -> 3 | C12: =SUM(F12:AO12) -> 1 | D12: {=SUM(IF(F12:AO12="R",1,0))} -> 2 | E12: {=SUM(IF(F12:AO12="R2",1,0))} -> 2 | K12: r2 | O12: r | W12: R | AA12: r2 | AC12: 1
A13: PTE CLARENCE | C13: =SUM(F13:AO13) -> 2 | D13: {=SUM(IF(F13:AO13="R",1,0))} -> 2 | E13: {=SUM(IF(F13:AO13="R2",1,0))} -> 2 | Q13: R | V13: 1 | Y13: r2 | AE13: r | AG13: r2 | AN13: 1
A14: PTE AZHARI | B14: =SUM(C14:D14) -> 2 | C14: =SUM(F14:AO14) -> 1 | D14: {=SUM(IF(F14:AO14="R",1,0))} -> 1 | E14: {=SUM(IF(F14:AO14="R2",1,0))} -> 2 | P14: r2 | W14: 1 | AB14: r2 | AG14: r
A15: REC ETHAN | C15: =SUM(F15:AO15) -> 0 | D15: {=SUM(IF(F15:AO15="R",1,0))} -> 0 | E15: {=SUM(IF(F15:AO15="R2",1,0))} -> 0
A16: PTE JEFF | B16: =SUM(C16:D16) -> 0 | C16: =SUM(F16:AO16) -> 0 | D16: {=SUM(IF(F16:AO16="R",1,0))} -> 0 | E16: {=SUM(IF(F16:AO16="R2",1,0))} -> 0
A17: REC PARAM | B17: =SUM(C17:D17) -> 0 | C17: =SUM(F17:AO17) -> 0 | D17: {=SUM(IF(F17:AO17="R",1,0))} -> 0 | E17: {=SUM(IF(F17:AO17="R2",1,0))} -> 0
A18: PTE JASPER | C18: =SUM(F18:AO18) -> 0 | D18: {=SUM(IF(F18:AO18="R",1,0))} -> 0 | E18: {=SUM(IF(F18:AO18="R2",1,0))} -> 0
A19: LCP AMIN | B19: =SUM(C19:D19) -> 0 | C19: =SUM(F19:AO19) -> 0 | D19: {=SUM(IF(F19:AO19="R",1,0))} -> 0 | E19: {=SUM(IF(F19:AO19="R2",1,0))} -> 0
A20: PTE ISAAC | B20: =SUM(C20:D20) -> 2 | C20: =SUM(F20:AO20) -> 0 | D20: {=SUM(IF(F20:AO20="R",1,0))} -> 2 | E20: {=SUM(IF(F20:AO20="R2",1,0))} -> 2 | R20: R | T20: r2 | Y20: R | AL20: r2
A21: LCP GLADWYN | C21: =SUM(F21:AO21) -> 2 | D21: {=SUM(IF(F21:AO21="R",1,0))} -> 2 | E21: {=SUM(IF(F21:AO21="R2",1,0))} -> 2 | L21: 1 | U21: 1 | AC21: r2 | AF21: r2 | AJ21: r | AM21: r
A22: LCP ZI XUAN | B22: =SUM(C22:D22) -> 4 | C22: =SUM(F22:AO22) -> 2 | D22: {=SUM(IF(F22:AO22="R",1,0))} -> 2 | E22: {=SUM(IF(F22:AO22="R2",1,0))} -> 1 | AC22: r | AE22: r2 | AI22: 1 | AM22: 1 | AO22: r
A23: PTE SURIA | C23: =SUM(F23:AO23) -> 2 | D23: {=SUM(IF(F23:AO23="R",1,0))} -> 2 | E23: {=SUM(IF(F23:AO23="R2",1,0))} -> 1 | S23: r2 | Y23: 1 | AB23: 1 | AI23: r | AL23: r
A24: PTE NICO | B24: =SUM(C24:D24) -> 4 | C24: =SUM(F24:AO24) -> 3 | D24: {=SUM(IF(F24:AO24="R",1,0))} -> 1 | E24: {=SUM(IF(F24:AO24="R2",1,0))} -> 1 | H24: 1 | J24: 1 | N24: 1 | S24: r | AM24: r2
A25: PTE JERRYL | B25: =SUM(C25:D25) -> 3 | C25: =SUM(F25:AO25) -> 2 | D25: {=SUM(IF(F25:AO25="R",1,0))} -> 1 | E25: {=SUM(IF(F25:AO25="R2",1,0))} -> 1 | T25: r | W25: r2 | AH25: 1 | AL25: 1
A26: PTE ABBAS | B26: =SUM(C26:D26) -> 0 | C26: =SUM(F26:AO26) -> 0 | D26: {=SUM(IF(F26:AO26="R",1,0))} -> 0 | E26: {=SUM(IF(F26:AO26="R2",1,0))} -> 0
A27: PTE DEXTER | B27: =SUM(C27:D27) -> 0 | C27: =SUM(F27:AO27) -> 0 | D27: {=SUM(IF(F27:AO27="R",1,0))} -> 0 | E27: {=SUM(IF(F27:AO27="R2",1,0))} -> 0
A28: PTE RYAN | C28: =SUM(F28:AO28) -> 2 | D28: {=SUM(IF(F28:AO28="R",1,0))} -> 2 | E28: {=SUM(IF(F28:AO28="R2",1,0))} -> 1 | F28: R | M28: 1 | AE28: 1 | AH28: r | AJ28: r2
A29: 3SG YUSUF | B29: =SUM(B4:B33) -> #REF! | C29: =SUM(F29:AO29) -> 0 | D29: {=SUM(IF(F29:AO29="R",1,0))} -> 0 | E29: {=SUM(IF(F29:AO29="R2",1,0))} -> 0 | AP29: =SUM(AP3:AP28) -> 0 | AQ29: =SUM(AQ3:AQ28) -> 0 | AR29: =SUM(AR3:AR28) -> 0 | AS29: =SUM(AS3:AS28) -> 0 | AT29: =SUM(AT3:AT28) -> 0 | AU29: =SUM(AU3:AU28) -> 0
A30: REC ASH | B30: =SUM(F30:AS30) -> 1 | C30: =SUM(F30:AO30) -> 1 | D30: {=SUM(IF(F30:AO30="R",1,0))} -> 1 | E30: {=SUM(IF(F30:AO30="R2",1,0))} -> 1 | AF30: r | AK30: 1 | AO30: r2 | AP30: {=SUM(IF(AP3:AP28="R",1,0))} -> 0 | AQ30: {=SUM(IF(AQ3:AQ28="R",1,0))} -> 0 | AR30: {=SUM(IF(AR3:AR28="R",1,0))} -> 0 | AS30: {=SUM(IF(AS3:AS28="R",1,0))} -> 0 | AT30: {=SUM(IF(AT3:AT28="R",1,0))} -> 0 | AU30: {=SUM(IF(AU3:AU28="R",1,0))} -> 0
A31: PTE GABRIEL | B31: =SUM(F31:AS31) -> 1 | C31: =SUM(F31:AO31) -> 1 | D31: {=SUM(IF(F31:AO31="R",1,0))} -> 1 | E31: {=SUM(IF(F31:AO31="R2",1,0))} -> 1 | F31: 1 | AH31: r2 | AK31: r | AP31: {=SUM(IF(AP3:AP28="R2",1,0))} -> 0 | AQ31: {=SUM(IF(AQ3:AQ28="R2",1,0))} -> 0 | AR31: {=SUM(IF(AR3:AR28="R2",1,0))} -> 0 | AS31: {=SUM(IF(AS3:AS28="R2",1,0))} -> 0 | AT31: {=SUM(IF(AT3:AT28="R2",1,0))} -> 0 | AU31: {=SUM(IF(AU3:AU28="R2",1,0))} -> 0
A32: CPL JIREH | C32: =SUM(F32:AO32) -> 1 | D32: {=SUM(IF(F32:AO32="R",1,0))} -> 1 | E32: {=SUM(IF(F32:AO32="R2",1,0))} -> 2 | R32: 1 | AA32: r | AD32: r2 | AN32: r2
A33: PTE REUVEN | B33: =SUM(C33:D33) -> 0 | C33: =SUM(F33:AO33) -> 0 | D33: {=SUM(IF(F33:AO33="R",1,0))} -> 0 | E33: {=SUM(IF(F33:AO33="R2",1,0))} -> 0
A34: 3SG YAOCHEN | C34: =SUM(F34:AO34) -> 0 | D34: {=SUM(IF(F34:AO34="R",1,0))} -> 1 | E34: {=SUM(IF(F34:AO34="R2",1,0))} -> 1 | X34: R2 | Z34: R
A35: Total | C35: =SUM(F35:AO35) -> 36 | F35: =SUM(F3:F34) -> 1 | G35: =SUM(G3:G34) -> 1 | H35: =SUM(H3:H34) -> 1 | I35: =SUM(I3:I34) -> 1 | J35: =SUM(J3:J34) -> 1 | K35: =SUM(K3:K34) -> 1 | L35: =SUM(L3:L34) -> 1 | M35: =SUM(M3:M34) -> 1 | ... AO35: =SUM(AO3:AO34) -> 1
A36: Reserve 1 | C36: =SUM(F36:AO36) -> 36 | F36: {=SUM(IF(F3:F34="R",1,0))} -> 1 | G36: {=SUM(IF(G3:G34="R",1,0))} -> 1 | H36: {=SUM(IF(H3:H34="R",1,0))} -> 1 | I36: {=SUM(IF(I3:I34="R",1,0))} -> 1 | J36: {=SUM(IF(J3:J34="R",1,0))} -> 1 | K36: {=SUM(IF(K3:K34="R",1,0))} -> 1 | L36: {=SUM(IF(L3:L34="R",1,0))} -> 1 | M36: {=SUM(IF(M3:M34="R",1,0))} -> 1 | ... AO36: {=SUM(IF(AO3:AO34="R",1,0))} -> 1
A37: Reserve 2 | C37: =SUM(F37:AO37) -> 36 | F37: {=SUM(IF(F3:F34="R2",1,0))} -> 1 | G37: {=SUM(IF(G3:G34="R2",1,0))} -> 1 | H37: {=SUM(IF(H3:H34="R2",1,0))} -> 1 | I37: {=SUM(IF(I3:I34="R2",1,0))} -> 1 | J37: {=SUM(IF(J3:J34="R2",1,0))} -> 1 | K37: {=SUM(IF(K3:K34="R2",1,0))} -> 1 | L37: {=SUM(IF(L3:L34="R2",1,0))} -> 1 | M37: {=SUM(IF(M3:M34="R2",1,0))} -> 1 | ... AO37: {=SUM(IF(AO3:AO34="R2",1,0))} -> 1
E38: Duty Clerk | F38: =IFERROR(INDEX($A$3:$A$34, MATCH(1, INDEX($F$3:$AO$34, 0, MATCH(F2, $F$2:$AO$2, 0)), 0)), INDEX($A$3:$A$34, MATCH(1, INDEX($F$3:$AO$34, 0, MATCH(F2&" AM", $F$2:$AO$2, 0)), 0))) -> PTE GABRIEL | G38: =IFERROR(INDEX($A$3:$A$34, MATCH(1, INDEX($F$3:$AO$34, 0, MATCH(G2, $F$2:$AO$2, 0)), 0)), INDEX($A$3:$A$34, MATCH(1, INDEX($F$3:$AO$34, 0, MATCH(G2&" AM", $F$2:$AO$2, 0)), 0))) -> CPL FIRMAN | H38: =IFERROR(INDEX($A$3:$A$34, MATCH(1, INDEX($F$3:$AO$34, 0, MATCH(H2, $F$2:$AO$2, 0)), 0)), INDEX($A$3:$A$34, MATCH(1, INDEX($F$3:$AO$34, 0, MATCH(H2&" AM", $F$2:$AO$2, 0)), 0))) -> PTE NICO | I38: =IFERROR(INDEX($A$3:$A$34, MATCH(1, INDEX($F$3:$AO$34, 0, MATCH(I2, $F$2:$AO$2, 0)), 0)), INDEX($A$3:$A$34, MATCH(1, INDEX($F$3:$AO$34, 0, MATCH(I2&" AM", $F$2:$AO$2, 0)), 0))) -> PTE MITCHELL | J38: =IFERROR(INDEX($A$3:$A$34, MATCH(1, INDEX($F$3:$AO$34, 0, MATCH(J2, $F$2:$AO$2, 0)), 0)), INDEX($A$3:$A$34, MATCH(1, INDEX($F$3:$AO$34, 0, MATCH(J2&" AM", $F$2:$AO$2, 0)), 0))) -> PTE NICO | K38: =IFERROR(INDEX($A$3:$A$34, MATCH(1, INDEX($F$3:$AO$34, 0, MATCH(K2, $F$2:$AO$2, 0)), 0)), INDEX($A$3:$A$34, MATCH(1, INDEX($F$3:$AO$34, 0, MATCH(K2&" AM", $F$2:$AO$2, 0)), 0))) -> PTE KRISHAN | L38: =IFERROR(INDEX($A$3:$A$34, MATCH(1, INDEX($F$3:$AO$34, 0, MATCH(L2, $F$2:$AO$2, 0)), 0)), INDEX($A$3:$A$34, MATCH(1, INDEX($F$3:$AO$34, 0, MATCH(L2&" AM", $F$2:$AO$2, 0)), 0))) -> LCP GLADWYN | M38: =IFERROR(INDEX($A$3:$A$34, MATCH(1, INDEX($F$3:$AO$34, 0, MATCH(M2, $F$2:$AO$2, 0)), 0)), INDEX($A$3:$A$34, MATCH(1, INDEX($F$3:$AO$34, 0, MATCH(M2&" AM", $F$2:$AO$2, 0)), 0))) -> PTE RYAN | ... AO38: =IFERROR(INDEX($A$3:$A$34, MATCH(1, INDEX($F$3:$AO$34, 0, MATCH(AO2, $F$2:$AO$2, 0)), 0)), INDEX($A$3:$A$34, MATCH(1, INDEX($F$3:$AO$34, 0, MATCH(AO2&" AM", $F$2:$AO$2, 0)), 0))) -> PTE TRISTAN | AP38: =IFERROR(INDEX($A$3:$A$28, MATCH(1, INDEX($F$3:$AU$28, 0, MATCH(AP2, $F$2:$AU$2, 0)), 0)), INDEX($A$3:$A$28, MATCH(1, INDEX($F$3:$AU$28, 0, MATCH(AP2&" AM", $F$2:$AU$2, 0)), 0))) -> #N/A | AQ38: =IFERROR(INDEX($A$3:$A$28, MATCH(1, INDEX($F$3:$AU$28, 0, MATCH(AQ2, $F$2:$AU$2, 0)), 0)), INDEX($A$3:$A$28, MATCH(1, INDEX($F$3:$AU$28, 0, MATCH(AQ2&" AM", $F$2:$AU$2, 0)), 0))) -> #N/A | AR38: =IFERROR(INDEX($A$3:$A$28, MATCH(1, INDEX($F$3:$AU$28, 0, MATCH(AR2, $F$2:$AU$2, 0)), 0)), INDEX($A$3:$A$28, MATCH(1, INDEX($F$3:$AU$28, 0, MATCH(AR2&" AM", $F$2:$AU$2, 0)), 0))) -> #N/A | AS38: =IFERROR(INDEX($A$3:$A$28, MATCH(1, INDEX($F$3:$AU$28, 0, MATCH(AS2, $F$2:$AU$2, 0)), 0)), INDEX($A$3:$A$28, MATCH(1, INDEX($F$3:$AU$28, 0, MATCH(AS2&" AM", $F$2:$AU$2, 0)), 0))) -> #N/A | AT38: =IFERROR(INDEX($A$3:$A$28, MATCH(1, INDEX($F$3:$AU$28, 0, MATCH(AT2, $F$2:$AU$2, 0)), 0)), INDEX($A$3:$A$28, MATCH(1, INDEX($F$3:$AU$28, 0, MATCH(AT2&" AM", $F$2:$AU$2, 0)), 0))) -> #N/A | AU38: =IFERROR(INDEX($A$3:$A$28, MATCH(1, INDEX($F$3:$AU$28, 0, MATCH(AU2, $F$2:$AU$2, 0)), 0)), INDEX($A$3:$A$28, MATCH(1, INDEX($F$3:$AU$28, 0, MATCH(AU2&" AM", $F$2:$AU$2, 0)), 0))) -> #N/A
E39: Reserve | F39: =INDEX($A$3:$A$34, MATCH("R", INDEX($F$3:$AO$34, 0, MATCH(F2, $F$2:$AO$2, 0)), 0)) -> PTE RYAN | G39: =INDEX($A$3:$A$34, MATCH("R", INDEX($F$3:$AO$34, 0, MATCH(G2, $F$2:$AO$2, 0)), 0)) -> PTE JULLION | H39: =INDEX($A$3:$A$34, MATCH("R", INDEX($F$3:$AO$34, 0, MATCH(H2, $F$2:$AO$2, 0)), 0)) -> PTE AFIF | I39: =INDEX($A$3:$A$34, MATCH("R", INDEX($F$3:$AO$34, 0, MATCH(I2, $F$2:$AO$2, 0)), 0)) -> CPL FIRMAN | J39: =INDEX($A$3:$A$34, MATCH("R", INDEX($F$3:$AO$34, 0, MATCH(J2, $F$2:$AO$2, 0)), 0)) -> PTE TRISTAN | K39: =INDEX($A$3:$A$34, MATCH("R", INDEX($F$3:$AO$34, 0, MATCH(K2, $F$2:$AO$2, 0)), 0)) -> PTE MITCHELL | L39: =INDEX($A$3:$A$34, MATCH("R", INDEX($F$3:$AO$34, 0, MATCH(L2, $F$2:$AO$2, 0)), 0)) -> PTE JULLION | M39: =INDEX($A$3:$A$34, MATCH("R", INDEX($F$3:$AO$34, 0, MATCH(M2, $F$2:$AO$2, 0)), 0)) -> LCP EZRA | ... AO39: =INDEX($A$3:$A$34, MATCH("R", INDEX($F$3:$AO$34, 0, MATCH(AO2, $F$2:$AO$2, 0)), 0)) -> LCP ZI XUAN | AP39: =INDEX($A$3:$A$28, MATCH("R", INDEX($F$3:$AU$28, 0, MATCH(AP2, $F$2:$AU$2, 0)), 0)) -> #N/A | AQ39: =INDEX($A$3:$A$28, MATCH("R", INDEX($F$3:$AU$28, 0, MATCH(AQ2, $F$2:$AU$2, 0)), 0)) -> #N/A | AR39: =INDEX($A$3:$A$28, MATCH("R", INDEX($F$3:$AU$28, 0, MATCH(AR2, $F$2:$AU$2, 0)), 0)) -> #N/A | AS39: =INDEX($A$3:$A$28, MATCH("R", INDEX($F$3:$AU$28, 0, MATCH(AS2, $F$2:$AU$2, 0)), 0)) -> #N/A | AT39: =INDEX($A$3:$A$28, MATCH("R", INDEX($F$3:$AU$28, 0, MATCH(AT2, $F$2:$AU$2, 0)), 0)) -> #N/A | AU39: =INDEX($A$3:$A$28, MATCH("R", INDEX($F$3:$AU$28, 0, MATCH(AU2, $F$2:$AU$2, 0)), 0)) -> #N/A
A40: Total Duties | C40: =COUNTA($F$1:$AO$1) -> 36 | E40: Reserve 2 | F40: =INDEX($A$3:$A$34, MATCH("R2", INDEX($F$3:$AO$34, 0, MATCH(F2, $F$2:$AO$2, 0)), 0)) -> PTE MITCHELL | G40: =INDEX($A$3:$A$34, MATCH("R2", INDEX($F$3:$AO$34, 0, MATCH(G2, $F$2:$AO$2, 0)), 0)) -> LCP EZRA | H40: =INDEX($A$3:$A$34, MATCH("R2", INDEX($F$3:$AO$34, 0, MATCH(H2, $F$2:$AO$2, 0)), 0)) -> PTE TRISTAN | I40: =INDEX($A$3:$A$34, MATCH("R2", INDEX($F$3:$AO$34, 0, MATCH(I2, $F$2:$AO$2, 0)), 0)) -> PTE JULLION | J40: =INDEX($A$3:$A$34, MATCH("R2", INDEX($F$3:$AO$34, 0, MATCH(J2, $F$2:$AO$2, 0)), 0)) -> LCP EZRA | K40: =INDEX($A$3:$A$34, MATCH("R2", INDEX($F$3:$AO$34, 0, MATCH(K2, $F$2:$AO$2, 0)), 0)) -> PTE MICHAEL | L40: =INDEX($A$3:$A$34, MATCH("R2", INDEX($F$3:$AO$34, 0, MATCH(L2, $F$2:$AO$2, 0)), 0)) -> PTE TRISTAN | M40: =INDEX($A$3:$A$34, MATCH("R2", INDEX($F$3:$AO$34, 0, MATCH(M2, $F$2:$AO$2, 0)), 0)) -> CPL FIRMAN | ... AO40: =INDEX($A$3:$A$34, MATCH("R2", INDEX($F$3:$AO$34, 0, MATCH(AO2, $F$2:$AO$2, 0)), 0)) -> REC ASH | AP40: =INDEX($A$3:$A$28, MATCH("R2", INDEX($F$3:$AU$28, 0, MATCH(AP2, $F$2:$AU$2, 0)), 0)) -> #N/A | AQ40: =INDEX($A$3:$A$28, MATCH("R2", INDEX($F$3:$AU$28, 0, MATCH(AQ2, $F$2:$AU$2, 0)), 0)) -> #N/A | AR40: =INDEX($A$3:$A$28, MATCH("R2", INDEX($F$3:$AU$28, 0, MATCH(AR2, $F$2:$AU$2, 0)), 0)) -> #N/A | AS40: =INDEX($A$3:$A$28, MATCH("R2", INDEX($F$3:$AU$28, 0, MATCH(AS2, $F$2:$AU$2, 0)), 0)) -> #N/A | AT40: =INDEX($A$3:$A$28, MATCH("R2", INDEX($F$3:$AU$28, 0, MATCH(AT2, $F$2:$AU$2, 0)), 0)) -> #N/A | AU40: =INDEX($A$3:$A$28, MATCH("R2", INDEX($F$3:$AU$28, 0, MATCH(AU2, $F$2:$AU$2, 0)), 0)) -> #N/A
A41: Total Personnel | C41: =SUBTOTAL(103, $A$3:$A$28) -> 19
A44: Excuse Stay in
A45: PA
A46: R&D
A47: RM
A48: PR
A49: MEDIA
A50: OPS RM
A51: TRG BR
A52: SBE
A53: TCRS 1
A54: TCRS 2
A55: TCRS 3

Sheet March Master Duty Overview
A1: Duty Personnel Duty | B1: Total Points | C1: Duty Points | D1: Reserve Points | E1: Reserve Points 2 | F1: SATURDAY {AM) | G1: SATURDAY (PM) | H1: SUNDAY (AM) | I1: SUNDAY (PM) | J1: MONDAY | K1: TUESDAY | L1: WEDNESDAY | M1: THURSDAY | N1: FRIDAY | O1: SATURDAY (AM) | P1: SATURDAY (PM) | Q1: SUNDAY (AM) | R1: SUNDAY (PM) | S1: MONDAY | T1: TUESDAY | U1: WEDNESDAY | V1: THURSDAY | W1: FRIDAY | X1: SATURDAY (AM) | Y1: SATURDAY (PM) | Z1: SUNDAY (AM) | AA1: SUNDAY (PM) | AB1: MONDAY | AC1: TUESDAY | AD1: WEDNESDAY | AE1: THURSDAY | AF1: FRIDAY | AG1: SATURDAY (AM) | AH1: SATURDAY (PM) | AI1: SUNDAY (AM) | AJ1: SUNDAY (PM) | AK1: MONDAY | AL1: TUESDAY | AM1: WEDNESDAY | AN1: THURSDAY | AO1: FRIDAY | AP1: SATURDAY (AM) | AQ1: SATURDAY (PM) | AR1: SUNDAY (AM) | AS1: SUNDAY (PM) | AT1: MONDAY (PAM) | AU1: MONDAY (PPM) | AV1: SATURDAY (AM) | AW1: SATURDAY (PM) | AX1: SUNDAY (AM) | AY1: SUNDAY (PM)
F2: 1-3-25 (AM) | G2: 1-3-25 (PM) | H2: 2-3-25 (AM) | I2: 2-3-25 (PM) | J2: 45719 | K2: 45720 | L2: 45721 | M2: 45722 | N2: 45723 | O2: 8-3-25 (AM) | P2: 8-3-25 (PM) | Q2: 9-3-25 (AM) | R2: 9-3-25 (PM) | S2: 45726 | T2: 45727 | U2: 45728 | V2: 45729 | W2: 45730 | X2: 15-3-25 (AM) | Y2: 15-3-25 (PM) | Z2: 16-3-25 (AM) | AA2: 16-3-25 (PM) | AB2: 45733 | AC2: 45734 | AD2: 45735 | AE2: 45736 | AF2: 45737 | AG2: 22-3-25 (AM) | AH2: 22-3-25 (PM) | AI2: 23-3-25 (AM) | AJ2: 23-3-25 (PM) | AK2: 45740 | AL2: 45741 | AM2: 45742 | AN2: 45743 | AO2: 45744 | AP2: 29-3-25 (AM) | AQ2: 29-3-25 (PM) | AR2: 30-3-25 (AM) | AS2: 30-3-25 (PM) | AT2: 31-3-25 (PAM) | AU2: 31-3-25 (PPM) | AV2: 25-1-25 (AM) | AW2: 25-1-25 (PM) | AX2: 26-1-25 (AM) | AY2: 26-1-25 (PM)
A3: LCP EZRA | B3: =SUM(C3:D3) -> 3 | C3: =SUM(F3:AU3) -> 2 | D3: {=SUM(IF(F3:AU3="R",1,0))} -> 1 | E3: {=SUM(IF(F3:AU3="R2",1,0))} -> 2 | I3: r2 | M3: r2 | T3: r | W3: 1 | AJ3: 1
A4: CPL FIRMAN | B4: =SUM(C4:D4) -> 3 | C4: =SUM(F4:AU4) -> 1 | D4: {=SUM(IF(F4:AU4="R",1,0))} -> 2 | E4: {=SUM(IF(F4:AU4="R2",1,0))} -> 2 | Z4: 1 | AG4: r | AJ4: r | AM4: r2 | AQ4: r2
A5: PTE AFIF | B5: =SUM(C5:D5) -> 3 | C5: =SUM(F5:AU5) -> 1 | D5: {=SUM(IF(F5:AU5="R",1,0))} -> 2 | E5: {=SUM(IF(F5:AU5="R2",1,0))} -> 2 | Q5: 1 | Z5: r2 | AH5: R | AK5: R | AO5: R2
A6: PTE JULLION | C6: =SUM(F6:AU6) -> 0 | D6: {=SUM(IF(F6:AU6="R",1,0))} -> 0 | E6: {=SUM(IF(F6:AU6="R2",1,0))} -> 0
A7: PTE TRISTAN | B7: =SUM(C7:D7) -> 4 | C7: =SUM(F7:AU7) -> 2 | D7: {=SUM(IF(F7:AU7="R",1,0))} -> 2 | E7: {=SUM(IF(F7:AU7="R2",1,0))} -> 2 | J7: 1 | N7: r | S7: r | AK7: R2 | AN7: R2 | AS7: 1
A8: REC RUI FENG | B8: =SUM(C8:D8) -> 4 | C8: =SUM(F8:AU8) -> 2 | D8: {=SUM(IF(F8:AU8="R",1,0))} -> 2 | E8: {=SUM(IF(F8:AU8="R2",1,0))} -> 2 | F8: R | X8: 1 | AG8: 1 | AI8: R | AP8: r2 | AR8: R2
A9: PTE MITCHELL | B9: =SUM(C9:D9) -> 4 | C9: =SUM(F9:AU9) -> 2 | D9: {=SUM(IF(F9:AU9="R",1,0))} -> 2 | E9: {=SUM(IF(F9:AU9="R2",1,0))} -> 2 | J9: r2 | N9: 1 | P9: r | R9: 1 | AA9: R2 | AF9: r
A10: PTE INDRA | C10: =SUM(F10:AU10) -> 2 | D10: {=SUM(IF(F10:AU10="R",1,0))} -> 2 | E10: {=SUM(IF(F10:AU10="R2",1,0))} -> 2 | F10: r2 | H10: r | K10: r2 | AM10: 1 | AP10: r | AU10: 1
A11: PTE KRISHAN | C11: =SUM(F11:AU11) -> 2 | D11: {=SUM(IF(F11:AU11="R",1,0))} -> 2 | E11: {=SUM(IF(F11:AU11="R2",1,0))} -> 2 | I11: r | L11: r | O11: R2 | S11: r2 | AA11: 1 | AL11: 1
A12: PTE MICHAEL | B12: =SUM(C12:D12) -> 3 | C12: =SUM(F12:AU12) -> 2 | D12: {=SUM(IF(F12:AU12="R",1,0))} -> 1 | E12: {=SUM(IF(F12:AU12="R2",1,0))} -> 2 | L12: r2 | AH12: 1 | AL12: r2 | AO12: R | AT12: 1
A13: PTE CLARENCE | C13: =SUM(F13:AU13) -> 2 | D13: {=SUM(IF(F13:AU13="R",1,0))} -> 2 | E13: {=SUM(IF(F13:AU13="R2",1,0))} -> 2 | P13: r2 | T13: R2 | X13: R | AE13: 1 | AN13: 1 | AU13: r
A14: PTE AZHARI | B14: =SUM(C14:D14) -> 4 | C14: =SUM(F14:AU14) -> 2 | D14: {=SUM(IF(F14:AU14="R",1,0))} -> 2 | E14: {=SUM(IF(F14:AU14="R2",1,0))} -> 1 | Q14: r2 | W14: r | Z14: R | AC14: 1 | AO14: 1
A15: REC ETHAN | C15: =SUM(F15:AU15) -> 0 | D15: {=SUM(IF(F15:AU15="R",1,0))} -> 0 | E15: {=SUM(IF(F15:AU15="R2",1,0))} -> 0
A16: PTE JEFF | B16: =SUM(C16:D16) -> 0 | C16: =SUM(F16:AU16) -> 0 | D16: {=SUM(IF(F16:AU16="R",1,0))} -> 0 | E16: {=SUM(IF(F16:AU16="R2",1,0))} -> 0
A17: REC PARAM | B17: =SUM(C17:D17) -> 0 | C17: =SUM(F17:AU17) -> 0 | D17: {=SUM(IF(F17:AU17="R",1,0))} -> 0 | E17: {=SUM(IF(F17:AU17="R2",1,0))} -> 0
A18: PTE JASPER | C18: =SUM(F18:AU18) -> 0 | D18: {=SUM(IF(F18:AU18="R",1,0))} -> 0 | E18: {=SUM(IF(F18:AU18="R2",1,0))} -> 0
A19: LCP AMIN | B19: =SUM(C19:D19) -> 0 | C19: =SUM(F19:AU19) -> 0 | D19: {=SUM(IF(F19:AU19="R",1,0))} -> 0 | E19: {=SUM(IF(F19:AU19="R2",1,0))} -> 0
A20: PTE ISAAC | B20: =SUM(C20:D20) -> 4 | C20: =SUM(F20:AU20) -> 2 | D20: {=SUM(IF(F20:AU20="R",1,0))} -> 2 | E20: {=SUM(IF(F20:AU20="R2",1,0))} -> 2 | K20: R | M20: R | O20: 1 | R20: R2 | AB20: 1 | AT20: r2
A21: LCP GLADWYN | C21: =SUM(F21:AU21) -> 2 | D21: {=SUM(IF(F21:AU21="R",1,0))} -> 2 | E21: {=SUM(IF(F21:AU21="R2",1,0))} -> 2 | I21: 1 | AE21: r2 | AI21: r2 | AN21: r | AQ21: 1 | AS21: r
A22: LCP ZI XUAN | B22: =SUM(C22:D22) -> 4 | C22: =SUM(F22:AU22) -> 2 | D22: {=SUM(IF(F22:AU22="R",1,0))} -> 2 | E22: {=SUM(IF(F22:AU22="R2",1,0))} -> 2 | S22: 1 | AD22: 1 | AL22: r | AQ22: r | AS22: r2 | AU22: r2
A23: PTE SURIA | C23: =SUM(F23:AU23) -> 2 | D23: {=SUM(IF(F23:AU23="R",1,0))} -> 2 | E23: {=SUM(IF(F23:AU23="R2",1,0))} -> 2 | U23: 1 | W23: r2 | Y23: 1 | AA23: r | AD23: r | AH23: r2
A24: PTE NICO | B24: =SUM(C24:D24) -> 4 | C24: =SUM(F24:AU24) -> 2 | D24: {=SUM(IF(F24:AU24="R",1,0))} -> 2 | E24: {=SUM(IF(F24:AU24="R2",1,0))} -> 2 | G24: r | V24: 1 | AC24: r2 | AJ24: r2 | AM24: r | AR24: 1
A25: PTE JERRYL | B25: =SUM(C25:D25) -> 4 | C25: =SUM(F25:AU25) -> 2 | D25: {=SUM(IF(F25:AU25="R",1,0))} -> 2 | E25: {=SUM(IF(F25:AU25="R2",1,0))} -> 1 | H25: 1 | U25: R | X25: R2 | AC25: r | AK25: 1
A26: PTE ABBAS | B26: =SUM(C26:D26) -> 0 | C26: =SUM(F26:AU26) -> 0 | D26: {=SUM(IF(F26:AU26="R",1,0))} -> 0 | E26: {=SUM(IF(F26:AU26="R2",1,0))} -> 0
A27: PTE DEXTER | B27: =SUM(C27:D27) -> 0 | C27: =SUM(F27:AU27) -> 0 | D27: {=SUM(IF(F27:AU27="R",1,0))} -> 0 | E27: {=SUM(IF(F27:AU27="R2",1,0))} -> 0
A28: PTE RYAN | C28: =SUM(F28:AU28) -> 2 | D28: {=SUM(IF(F28:AU28="R",1,0))} -> 2 | E28: {=SUM(IF(F28:AU28="R2",1,0))} -> 2 | M28: 1 | P28: 1 | U28: r2 | Y28: r | AB28: r2 | AE28: r
A29: 3SG YUSUF | B29: =SUM(B4:B33) -> #REF! | C29: =SUM(F29:AU29) -> 0 | D29: {=SUM(IF(F29:AU29="R",1,0))} -> 0 | E29: {=SUM(IF(F29:AU29="R2",1,0))} -> 0
A30: REC ASH | B30: =SUM(F30:AS30) -> 2 | C30: =SUM(F30:AU30) -> 2 | D30: {=SUM(IF(F30:AU30="R",1,0))} -> 2 | E30: {=SUM(IF(F30:AU30="R2",1,0))} -> 2 | K30: 1 | T30: 1 | V30: r | AB30: r | AD30: r2 | AF30: r2
A31: PTE GABRIEL | B31: =SUM(F31:AS31) -> 2 | C31: =SUM(F31:AU31) -> 2 | D31: {=SUM(IF(F31:AU31="R",1,0))} -> 1 | E31: {=SUM(IF(F31:AU31="R2",1,0))} -> 2 | G31: 1 | L31: 1 | Q31: R | V31: r2 | Y31: r2
A32: CPL JIREH | C32: =SUM(F32:AU32) -> 1 | D32: {=SUM(IF(F32:AU32="R",1,0))} -> 2 | E32: {=SUM(IF(F32:AU32="R2",1,0))} -> 1 | G32: R2 | J32: R | R32: R | AF32: 1
A33: PTE REUVEN | B33: =SUM(C33:D33) -> 4 | C33: =SUM(F33:AU33) -> 2 | D33: {=SUM(IF(F33:AU33="R",1,0))} -> 2 | E33: {=SUM(IF(F33:AU33="R2",1,0))} -> 0 | O33: R | AI33: 1 | AP33: 1 | AR33: R
A34: 3SG YAOCHEN | C34: =SUM(F34:AU34) -> 1 | D34: {=SUM(IF(F34:AU34="R",1,0))} -> 1 | E34: {=SUM(IF(F34:AU34="R2",1,0))} -> 2 | F34: 1 | H34: r2 | AG34: r2 | AT34: r
A35: Total | C35: =SUM(F35:AU35) -> 42 | F35: =SUM(F3:F34) -> 1 | G35: =SUM(G3:G34) -> 1 | H35: =SUM(H3:H34) -> 1 | I35: =SUM(I3:I34) -> 1 | J35: =SUM(J3:J34) -> 1 | K35: =SUM(K3:K34) -> 1 | L35: =SUM(L3:L34) -> 1 | M35: =SUM(M3:M34) -> 1 | ... AU35: =SUM(AU3:AU34) -> 1
A36: Reserve 1 | C36: =SUM(F36:AU36) -> 42 | F36: {=SUM(IF(F3:F34="R",1,0))} -> 1 | G36: {=SUM(IF(G3:G34="R",1,0))} -> 1 | H36: {=SUM(IF(H3:H34="R",1,0))} -> 1 | I36: {=SUM(IF(I3:I34="R",1,0))} -> 1 | J36: {=SUM(IF(J3:J34="R",1,0))} -> 1 | K36: {=SUM(IF(K3:K34="R",1,0))} -> 1 | L36: {=SUM(IF(L3:L34="R",1,0))} -> 1 | M36: {=SUM(IF(M3:M34="R",1,0))} -> 1 | ... AU36: {=SUM(IF(AU3:AU34="R",1,0))} -> 1
A37: Reserve 2 | C37: =SUM(F37:AU37) -> 41 | F37: {=SUM(IF(F3:F34="R2",1,0))} -> 1 | G37: {=SUM(IF(G3:G34="R2",1,0))} -> 1 | H37: {=SUM(IF(H3:H34="R2",1,0))} -> 1 | I37: {=SUM(IF(I3:I34="R2",1,0))} -> 1 | J37: {=SUM(IF(J3:J34="R2",1,0))} -> 1 | K37: {=SUM(IF(K3:K34="R2",1,0))} -> 1 | L37: {=SUM(IF(L3:L34="R2",1,0))} -> 1 | M37: {=SUM(IF(M3:M34="R2",1,0))} -> 1 | ... AU37: {=SUM(IF(AU3:AU34="R2",1,0))} -> 1
E38: Duty Clerk | F38: =IFERROR(INDEX($A$3:$A$34, MATCH(1, INDEX($F$3:$AU$34, 0, MATCH(F2, $F$2:$AU$2, 0)), 0)), INDEX($A$3:$A$34, MATCH(1, INDEX($F$3:$AU$34, 0, MATCH(F2&" AM", $F$2:$AU$2, 0)), 0))) -> 3SG YAOCHEN | G38: =IFERROR(INDEX($A$3:$A$34, MATCH(1, INDEX($F$3:$AU$34, 0, MATCH(G2, $F$2:$AU$2, 0)), 0)), INDEX($A$3:$A$34, MATCH(1, INDEX($F$3:$AU$34, 0, MATCH(G2&" AM", $F$2:$AU$2, 0)), 0))) -> PTE GABRIEL | H38: =IFERROR(INDEX($A$3:$A$34, MATCH(1, INDEX($F$3:$AU$34, 0, MATCH(H2, $F$2:$AU$2, 0)), 0)), INDEX($A$3:$A$34, MATCH(1, INDEX($F$3:$AU$34, 0, MATCH(H2&" AM", $F$2:$AU$2, 0)), 0))) -> PTE JERRYL | I38: =IFERROR(INDEX($A$3:$A$34, MATCH(1, INDEX($F$3:$AU$34, 0, MATCH(I2, $F$2:$AU$2, 0)), 0)), INDEX($A$3:$A$34, MATCH(1, INDEX($F$3:$AU$34, 0, MATCH(I2&" AM", $F$2:$AU$2, 0)), 0))) -> LCP GLADWYN | J38: =IFERROR(INDEX($A$3:$A$34, MATCH(1, INDEX($F$3:$AU$34, 0, MATCH(J2, $F$2:$AU$2, 0)), 0)), INDEX($A$3:$A$34, MATCH(1, INDEX($F$3:$AU$34, 0, MATCH(J2&" AM", $F$2:$AU$2, 0)), 0))) -> PTE TRISTAN | K38: =IFERROR(INDEX($A$3:$A$34, MATCH(1, INDEX($F$3:$AU$34, 0, MATCH(K2, $F$2:$AU$2, 0)), 0)), INDEX($A$3:$A$34, MATCH(1, INDEX($F$3:$AU$34, 0, MATCH(K2&" AM", $F$2:$AU$2, 0)), 0))) -> REC ASH | L38: =IFERROR(INDEX($A$3:$A$34, MATCH(1, INDEX($F$3:$AU$34, 0, MATCH(L2, $F$2:$AU$2, 0)), 0)), INDEX($A$3:$A$34, MATCH(1, INDEX($F$3:$AU$34, 0, MATCH(L2&" AM", $F$2:$AU$2, 0)), 0))) -> PTE GABRIEL | M38: =IFERROR(INDEX($A$3:$A$34, MATCH(1, INDEX($F$3:$AU$34, 0, MATCH(M2, $F$2:$AU$2, 0)), 0)), INDEX($A$3:$A$34, MATCH(1, INDEX($F$3:$AU$34, 0, MATCH(M2&" AM", $F$2:$AU$2, 0)), 0))) -> PTE RYAN | ... AU38: =IFERROR(INDEX($A$3:$A$34, MATCH(1, INDEX($F$3:$AU$34, 0, MATCH(AU2, $F$2:$AU$2, 0)), 0)), INDEX($A$3:$A$34, MATCH(1, INDEX($F$3:$AU$34, 0, MATCH(AU2&" AM", $F$2:$AU$2, 0)), 0))) -> PTE INDRA
E39: Reserve | F39: =INDEX($A$3:$A$34, MATCH("R", INDEX($F$3:$AU$34, 0, MATCH(F2, $F$2:$AU$2, 0)), 0)) -> REC RUI FENG | G39: =INDEX($A$3:$A$34, MATCH("R", INDEX($F$3:$AU$34, 0, MATCH(G2, $F$2:$AU$2, 0)), 0)) -> PTE NICO | H39: =INDEX($A$3:$A$34, MATCH("R", INDEX($F$3:$AU$34, 0, MATCH(H2, $F$2:$AU$2, 0)), 0)) -> PTE INDRA | I39: =INDEX($A$3:$A$34, MATCH("R", INDEX($F$3:$AU$34, 0, MATCH(I2, $F$2:$AU$2, 0)), 0)) -> PTE KRISHAN | J39: =INDEX($A$3:$A$34, MATCH("R", INDEX($F$3:$AU$34, 0, MATCH(J2, $F$2:$AU$2, 0)), 0)) -> CPL JIREH | K39: =INDEX($A$3:$A$34, MATCH("R", INDEX($F$3:$AU$34, 0, MATCH(K2, $F$2:$AU$2, 0)), 0)) -> PTE ISAAC | L39: =INDEX($A$3:$A$34, MATCH("R", INDEX($F$3:$AU$34, 0, MATCH(L2, $F$2:$AU$2, 0)), 0)) -> PTE KRISHAN | M39: =INDEX($A$3:$A$34, MATCH("R", INDEX($F$3:$AU$34, 0, MATCH(M2, $F$2:$AU$2, 0)), 0)) -> PTE ISAAC | ... AU39: =INDEX($A$3:$A$34, MATCH("R", INDEX($F$3:$AU$34, 0, MATCH(AU2, $F$2:$AU$2, 0)), 0)) -> PTE CLARENCE
A40: Total Duties | C40: =COUNTA($F$1:$AU$1) -> 42 | E40: Reserve 2 | F40: =INDEX($A$3:$A$34, MATCH("R2", INDEX($F$3:$AU$34, 0, MATCH(F2, $F$2:$AU$2, 0)), 0)) -> PTE INDRA | G40: =INDEX($A$3:$A$34, MATCH("R2", INDEX($F$3:$AU$34, 0, MATCH(G2, $F$2:$AU$2, 0)), 0)) -> CPL JIREH | H40: =INDEX($A$3:$A$34, MATCH("R2", INDEX($F$3:$AU$34, 0, MATCH(H2, $F$2:$AU$2, 0)), 0)) -> 3SG YAOCHEN | I40: =INDEX($A$3:$A$34, MATCH("R2", INDEX($F$3:$AU$34, 0, MATCH(I2, $F$2:$AU$2, 0)), 0)) -> LCP EZRA | J40: =INDEX($A$3:$A$34, MATCH("R2", INDEX($F$3:$AU$34, 0, MATCH(J2, $F$2:$AU$2, 0)), 0)) -> PTE MITCHELL | K40: =INDEX($A$3:$A$34, MATCH("R2", INDEX($F$3:$AU$34, 0, MATCH(K2, $F$2:$AU$2, 0)), 0)) -> PTE INDRA | L40: =INDEX($A$3:$A$34, MATCH("R2", INDEX($F$3:$AU$34, 0, MATCH(L2, $F$2:$AU$2, 0)), 0)) -> PTE MICHAEL | M40: =INDEX($A$3:$A$34, MATCH("R2", INDEX($F$3:$AU$34, 0, MATCH(M2, $F$2:$AU$2, 0)), 0)) -> LCP EZRA | ... AU40: =INDEX($A$3:$A$34, MATCH("R2", INDEX($F$3:$AU$34, 0, MATCH(AU2, $F$2:$AU$2, 0)), 0)) -> LCP ZI XUAN
A41: Total Personnel | C41: =SUBTOTAL(103, $A$3:$A$34) -> 23
A44: Excuse Stay in
A45: PA
A46: R&D
A47: RM
A48: PR
A49: MEDIA
A50: OPS RM
A51: TRG BR
A52: SBE
A53: TCRS 1
A54: TCRS 2
A55: TCRS 3

Sheet April Master Duty Overview
A1: Duty Personnel Duty | B1: Total Points | C1: Duty Points | D1: Reserve Points | E1: Reserve Points 2 | F1: TUESDAY | G1: WEDNESDAY | H1: THURSDAY | I1: FRIDAY | J1: SATURDAY | K1: SATURDAY | L1: SUNDAY | M1: SUNDAY | N1: MONDAY | O1: TUESDAY | P1: WEDNESDAY | Q1: THURSDAY | R1: FRIDAY | S1: SATURDAY | T1: SATURDAY | U1: SUNDAY | V1: SUNDAY | W1: MONDAY | X1: TUESDAY | Y1: WEDNESDAY | Z1: THURSDAY | AA1: FRIDAY | AB1: FRIDAY | AC1: SATURDAY | AD1: SATURDAY | AE1: SUNDAY | AF1: SUNDAY | AG1: MONDAY | AH1: TUESDAY | AI1: WEDNESDAY | AJ1: THURSDAY | AK1: FRIDAY | AL1: SATURDAY | AM1: SATURDAY | AN1: SUNDAY | AO1: SUNDAY | AP1: MONDAY | AQ1: TUESDAY | AR1: WEDNESDAY | AV1: SATURDAY (AM) | AW1: SATURDAY (PM) | AX1: SUNDAY (AM) | AY1: SUNDAY (PM)
F2: 45748 | G2: 45749 | H2: 45750 | I2: 45751 | J2: 5-4-25 (AM) | K2: 5-4-25 (PM) | L2: 6-4-25 (AM) | M2: 6-4-25 (PM) | N2: 45754 | O2: 45755 | P2: 45756 | Q2: 45757 | R2: 45758 | S2: 12-4-25 (AM) | T2: 12-4-25 (PM) | U2: 13-4-25 (AM) | V2: 13-4-25 (PM) | W2: 45761 | X2: 45762 | Y2: 45763 | Z2: 45764 | AA2: 18-4-25 (PAM) | AB2: 18-4-25 (PPM) | AC2: 19-4-25 (AM) | AD2: 19-4-25 (PM) | AE2: 20-4-25 (AM) | AF2: 20-4-25 (PM) | AG2: 45768 | AH2: 45769 | AI2: 45770 | AJ2: 45771 | AK2: 45772 | AL2: 26-4-25 (AM) | AM2: 26-4-25 (PM) | AN2: 27-4-25 (AM) | AO2: 27-4-25 (PM) | AP2: 45775 | AQ2: 45776 | AR2: 45777 | AS2: 45787 | AT2: 45788 | AU2: 45789 | AV2: 25-1-25 (AM) | AW2: 25-1-25 (PM) | AX2: 26-1-25 (AM) | AY2: 26-1-25 (PM)
A3: LCP EZRA | B3: =SUM(C3:D3) -> 3 | C3: =SUM(F3:AU3) -> 1 | D3: {=SUM(IF(F3:AU3="R",1,0))} -> 2 | E3: {=SUM(IF(F3:AU3="R2",1,0))} -> 0 | L3: R | AC3: 1 | AO3: R
A4: CPL FIRMAN | B4: =SUM(C4:D4) -> 3 | C4: =SUM(F4:AU4) -> 2 | D4: {=SUM(IF(F4:AU4="R",1,0))} -> 1 | E4: {=SUM(IF(F4:AU4="R2",1,0))} -> 1 | K4: R | N4: R2 | AA4: 1 | AR4: 1
A5: PTE AFIF | B5: =SUM(C5:D5) -> 4 | C5: =SUM(F5:AU5) -> 2 | D5: {=SUM(IF(F5:AU5="R",1,0))} -> 2 | E5: {=SUM(IF(F5:AU5="R2",1,0))} -> 1 | M5: R | AB5: 1 | AJ5: 1 | AP5: R | AR5: R2
A6: PTE JULLION | C6: =SUM(F6:AU6) -> 0 | D6: {=SUM(IF(F6:AU6="R",1,0))} -> 0 | E6: {=SUM(IF(F6:AU6="R2",1,0))} -> 0
A7: PTE TRISTAN | B7: =SUM(C7:D7) -> 3 | C7: =SUM(F7:AU7) -> 1 | D7: {=SUM(IF(F7:AU7="R",1,0))} -> 2 | E7: {=SUM(IF(F7:AU7="R2",1,0))} -> 0 | F7: 1 | P7: R | AD7: R
A8: REC RUI FENG | B8: =SUM(C8:D8) -> 2 | C8: =SUM(F8:AU8) -> 1 | D8: {=SUM(IF(F8:AU8="R",1,0))} -> 1 | E8: {=SUM(IF(F8:AU8="R2",1,0))} -> 1 | J8: 1 | L8: R2 | AE8: R
A9: PTE MITCHELL | B9: =SUM(C9:D9) -> 3 | C9: =SUM(F9:AU9) -> 1 | D9: {=SUM(IF(F9:AU9="R",1,0))} -> 2 | E9: {=SUM(IF(F9:AU9="R2",1,0))} -> 1 | O9: R | U9: 1 | AF9: R | AQ9: R2
A10: PTE INDRA | C10: =SUM(F10:AU10) -> 1 | D10: {=SUM(IF(F10:AU10="R",1,0))} -> 2 | E10: {=SUM(IF(F10:AU10="R2",1,0))} -> 1 | Q10: R | Z10: 1 | AJ10: R | AP10: R2
A11: PTE KRISHAN | C11: =SUM(F11:AU11) -> 1 | D11: {=SUM(IF(F11:AU11="R",1,0))} -> 2 | E11: {=SUM(IF(F11:AU11="R2",1,0))} -> 2 | I11: R | M11: R2 | X11: 1 | AG11: R | AO11: R2
A12: PTE MICHAEL | B12: =SUM(C12:D12) -> 3 | C12: =SUM(F12:AU12) -> 1 | D12: {=SUM(IF(F12:AU12="R",1,0))} -> 2 | E12: {=SUM(IF(F12:AU12="R2",1,0))} -> 1 | O12: R2 | W12: 1 | Y12: R | AH12: R
A13: PTE CLARENCE | C13: =SUM(F13:AU13) -> 2 | D13: {=SUM(IF(F13:AU13="R",1,0))} -> 2 | E13: {=SUM(IF(F13:AU13="R2",1,0))} -> 2 | H13: R | N13: R | Q13: R2 | Y13: 1 | AJ13: R2 | AQ13: 1
A14: PTE AZHARI | B14: =SUM(C14:D14) -> 0 | C14: =SUM(F14:AU14) -> 0 | D14: {=SUM(IF(F14:AU14="R",1,0))} -> 0 | E14: {=SUM(IF(F14:AU14="R2",1,0))} -> 0
A15: REC ETHAN | C15: =SUM(F15:AU15) -> 0 | D15: {=SUM(IF(F15:AU15="R",1,0))} -> 0 | E15: {=SUM(IF(F15:AU15="R2",1,0))} -> 0
A16: PTE JEFF | B16: =SUM(C16:D16) -> 0 | C16: =SUM(F16:AU16) -> 0 | D16: {=SUM(IF(F16:AU16="R",1,0))} -> 0 | E16: {=SUM(IF(F16:AU16="R2",1,0))} -> 0
A17: REC PARAM | B17: =SUM(C17:D17) -> 4 | C17: =SUM(F17:AU17) -> 2 | D17: {=SUM(IF(F17:AU17="R",1,0))} -> 2 | E17: {=SUM(IF(F17:AU17="R2",1,0))} -> 2 | J17: R | L17: 1 | U17: R | AC17: R2 | AL17: R2 | AN17: 1
A18: PTE JASPER | C18: =SUM(F18:AU18) -> 0 | D18: {=SUM(IF(F18:AU18="R",1,0))} -> 0 | E18: {=SUM(IF(F18:AU18="R2",1,0))} -> 0
A19: LCP AMIN | B19: =SUM(C19:D19) -> 0 | C19: =SUM(F19:AU19) -> 0 | D19: {=SUM(IF(F19:AU19="R",1,0))} -> 0 | E19: {=SUM(IF(F19:AU19="R2",1,0))} -> 0
A20: PTE ISAAC | B20: =SUM(C20:D20) -> 3 | C20: =SUM(F20:AU20) -> 2 | D20: {=SUM(IF(F20:AU20="R",1,0))} -> 1 | E20: {=SUM(IF(F20:AU20="R2",1,0))} -> 2 | F20: R | H20: 1 | K20: R2 | S20: R2 | AL20: 1
A21: LCP GLADWYN | C21: =SUM(F21:AU21) -> 1 | D21: {=SUM(IF(F21:AU21="R",1,0))} -> 2 | E21: {=SUM(IF(F21:AU21="R2",1,0))} -> 2 | M21: 1 | R21: R | U21: R2 | Y21: R2 | AK21: R
A22: LCP ZI XUAN | B22: =SUM(C22:D22) -> 3 | C22: =SUM(F22:AU22) -> 1 | D22: {=SUM(IF(F22:AU22="R",1,0))} -> 2 | E22: {=SUM(IF(F22:AU22="R2",1,0))} -> 2 | S22: R | X22: R2 | AA22: R2 | AC22: R | AF22: 1
A23: PTE SURIA | C23: =SUM(F23:AU23) -> 2 | D23: {=SUM(IF(F23:AU23="R",1,0))} -> 2 | E23: {=SUM(IF(F23:AU23="R2",1,0))} -> 2 | T23: R | W23: R2 | Z23: R2 | AG23: 1 | AM23: 1 | AR23: R
A24: PTE NICO | B24: =SUM(C24:D24) -> 3 | C24: =SUM(F24:AU24) -> 2 | D24: {=SUM(IF(F24:AU24="R",1,0))} -> 1 | E24: {=SUM(IF(F24:AU24="R2",1,0))} -> 2 | F24: R2 | N24: 1 | V24: R2 | Z24: R | AH24: 1
A25: PTE DYLAN | C25: =SUM(F25:AU25) -> 2 | D25: {=SUM(IF(F25:AU25="R",1,0))} -> 2 | E25: {=SUM(IF(F25:AU25="R2",1,0))} -> 2 | O25: 1 | V25: R | AB25: R | AE25: 1 | AH25: R2 | AM25: R2
A26: PTE JERRYL | B26: =SUM(C26:D26) -> 3 | C26: =SUM(F26:AU26) -> 2 | D26: {=SUM(IF(F26:AU26="R",1,0))} -> 1 | E26: {=SUM(IF(F26:AU26="R2",1,0))} -> 2 | P26: 1 | T26: R2 | W26: R | AF26: R2 | AI26: 1
A27: PTE ABBAS | B27: =SUM(C27:D27) -> 0 | C27: =SUM(F27:AU27) -> 0 | D27: {=SUM(IF(F27:AU27="R",1,0))} -> 0 | E27: {=SUM(IF(F27:AU27="R2",1,0))} -> 0
A28: PTE DEXTER | B28: =SUM(C28:D28) -> 0 | C28: =SUM(F28:AU28) -> 0 | D28: {=SUM(IF(F28:AU28="R",1,0))} -> 0 | E28: {=SUM(IF(F28:AU28="R2",1,0))} -> 0
A29: PTE RYAN | C29: =SUM(F29:AU29) -> 2 | D29: {=SUM(IF(F29:AU29="R",1,0))} -> 1 | E29: {=SUM(IF(F29:AU29="R2",1,0))} -> 0 | R29: 1 | X29: R | AK29: 1
A30: 3SG YUSUF | B30: =SUM(B4:B36) -> #REF! | C30: =SUM(F30:AU30) -> 0 | D30: {=SUM(IF(F30:AU30="R",1,0))} -> 0 | E30: {=SUM(IF(F30:AU30="R2",1,0))} -> 0
A31: REC ASH | B31: =SUM(F31:AS31) -> 1 | C31: =SUM(F31:AU31) -> 1 | D31: {=SUM(IF(F31:AU31="R",1,0))} -> 1 | E31: {=SUM(IF(F31:AU31="R2",1,0))} -> 1 | Q31: 1 | AA31: R | AE31: R2
A32: PTE GABRIEL | B32: =SUM(F32:AS32) -> 2 | C32: =SUM(F32:AU32) -> 2 | D32: {=SUM(IF(F32:AU32="R",1,0))} -> 1 | E32: {=SUM(IF(F32:AU32="R2",1,0))} -> 2 | P32: R2 | T32: 1 | AD32: 1 | AG32: R2 | AM32: R
A33: CPL JIREH | C33: =SUM(F33:AU33) -> 1 | D33: {=SUM(IF(F33:AU33="R",1,0))} -> 1 | E33: {=SUM(IF(F33:AU33="R2",1,0))} -> 1 | AI33: R2 | AL33: R | AO33: 1
A34: PTE NATHAN | C34: =SUM(F34:AU34) -> 2 | D34: {=SUM(IF(F34:AU34="R",1,0))} -> 1 | E34: {=SUM(IF(G34:AV34="R2",1,0))} -> 1 | G34: R | K34: 1 | AB34: R2 | AP34: 1
A35: PTE SUSHIL | C35: =SUM(F35:AU35) -> 2 | D35: {=SUM(IF(F35:AU35="R",1,0))} -> 1 | E35: {=SUM(IF(G35:AV35="R2",1,0))} -> 2 | G35: 1 | I35: 1 | AD35: R2 | AK35: R2 | AN35: R
A36: PTE REUVEN | B36: =SUM(C36:D36) -> 1 | C36: =SUM(F36:AU36) -> 1 | D36: {=SUM(IF(F36:AU36="R",1,0))} -> 0 | E36: {=SUM(IF(F36:AU36="R2",1,0))} -> 2 | J36: R2 | S36: 1 | AN36: R2
A37: 3SG YAOCHEN | C37: =SUM(F37:AU37) -> 0 | D37: {=SUM(IF(F37:AU37="R",1,0))} -> 0 | E37: {=SUM(IF(F37:AU37="R2",1,0))} -> 0
A38: Total | C38: =SUM(F38:AU38) -> 38 | F38: =SUM(F3:F37) -> 1 | G38: =SUM(G3:G37) -> 1 | H38: =SUM(H3:H37) -> 1 | I38: =SUM(I3:I37) -> 1 | J38: =SUM(J3:J37) -> 1 | K38: =SUM(K3:K37) -> 1 | L38: =SUM(L3:L37) -> 1 | M38: =SUM(M3:M37) -> 1 | ... AY38: =SUM(AY3:AY37) -> 0
A39: Reserve 1 | C39: =SUM(F39:AU39) -> 37 | F39: {=SUM(IF(F3:F37="R",1,0))} -> 1 | G39: {=SUM(IF(G3:G37="R",1,0))} -> 1 | H39: {=SUM(IF(H3:H37="R",1,0))} -> 1 | I39: {=SUM(IF(I3:I37="R",1,0))} -> 1 | J39: {=SUM(IF(J3:J37="R",1,0))} -> 1 | K39: {=SUM(IF(K3:K37="R",1,0))} -> 1 | L39: {=SUM(IF(L3:L37="R",1,0))} -> 1 | M39: {=SUM(IF(M3:M37="R",1,0))} -> 1 | ... AY39: {=SUM(IF(AY3:AY37="R",1,0))} -> 0
A40: Reserve 2 | C40: =SUM(F40:AU40) -> 35 | F40: {=SUM(IF(F3:F37="R2",1,0))} -> 1 | G40: {=SUM(IF(G3:G37="R2",1,0))} -> 0 | H40: {=SUM(IF(H3:H37="R2",1,0))} -> 0 | I40: {=SUM(IF(I3:I37="R2",1,0))} -> 0 | J40: {=SUM(IF(J3:J37="R2",1,0))} -> 1 | K40: {=SUM(IF(K3:K37="R2",1,0))} -> 1 | L40: {=SUM(IF(L3:L37="R2",1,0))} -> 1 | M40: {=SUM(IF(M3:M37="R2",1,0))} -> 1 | ... AY40: {=SUM(IF(AY3:AY37="R2",1,0))} -> 0
E41: Duty Clerk | F41: =IFERROR(INDEX($A$3:$A$37, MATCH(1, INDEX($F$3:$AU$37, 0, MATCH(F2, $F$2:$AU$2, 0)), 0)), INDEX($A$3:$A$37, MATCH(1, INDEX($F$3:$AU$37, 0, MATCH(F2&" AM", $F$2:$AU$2, 0)), 0))) -> PTE TRISTAN | G41: =IFERROR(INDEX($A$3:$A$37, MATCH(1, INDEX($F$3:$AU$37, 0, MATCH(G2, $F$2:$AU$2, 0)), 0)), INDEX($A$3:$A$37, MATCH(1, INDEX($F$3:$AU$37, 0, MATCH(G2&" AM", $F$2:$AU$2, 0)), 0))) -> PTE SUSHIL | H41: =IFERROR(INDEX($A$3:$A$37, MATCH(1, INDEX($F$3:$AU$37, 0, MATCH(H2, $F$2:$AU$2, 0)), 0)), INDEX($A$3:$A$37, MATCH(1, INDEX($F$3:$AU$37, 0, MATCH(H2&" AM", $F$2:$AU$2, 0)), 0))) -> PTE ISAAC | I41: =IFERROR(INDEX($A$3:$A$37, MATCH(1, INDEX($F$3:$AU$37, 0, MATCH(I2, $F$2:$AU$2, 0)), 0)), INDEX($A$3:$A$37, MATCH(1, INDEX($F$3:$AU$37, 0, MATCH(I2&" AM", $F$2:$AU$2, 0)), 0))) -> PTE SUSHIL | J41: =IFERROR(INDEX($A$3:$A$37, MATCH(1, INDEX($F$3:$AU$37, 0, MATCH(J2, $F$2:$AU$2, 0)), 0)), INDEX($A$3:$A$37, MATCH(1, INDEX($F$3:$AU$37, 0, MATCH(J2&" AM", $F$2:$AU$2, 0)), 0))) -> REC RUI FENG | K41: =IFERROR(INDEX($A$3:$A$37, MATCH(1, INDEX($F$3:$AU$37, 0, MATCH(K2, $F$2:$AU$2, 0)), 0)), INDEX($A$3:$A$37, MATCH(1, INDEX($F$3:$AU$37, 0, MATCH(K2&" AM", $F$2:$AU$2, 0)), 0))) -> PTE NATHAN | L41: =IFERROR(INDEX($A$3:$A$37, MATCH(1, INDEX($F$3:$AU$37, 0, MATCH(L2, $F$2:$AU$2, 0)), 0)), INDEX($A$3:$A$37, MATCH(1, INDEX($F$3:$AU$37, 0, MATCH(L2&" AM", $F$2:$AU$2, 0)), 0))) -> REC PARAM | M41: =IFERROR(INDEX($A$3:$A$37, MATCH(1, INDEX($F$3:$AU$37, 0, MATCH(M2, $F$2:$AU$2, 0)), 0)), INDEX($A$3:$A$37, MATCH(1, INDEX($F$3:$AU$37, 0, MATCH(M2&" AM", $F$2:$AU$2, 0)), 0))) -> LCP GLADWYN | ... AY41: =IFERROR(INDEX($A$3:$A$37, MATCH(1, INDEX($F$3:$AU$37, 0, MATCH(AY2, $F$2:$AU$2, 0)), 0)), INDEX($A$3:$A$37, MATCH(1, INDEX($F$3:$AU$37, 0, MATCH(AY2&" AM", $F$2:$AU$2, 0)), 0))) -> #N/A
E42: Reserve | F42: =INDEX($A$3:$A$37, MATCH("R", INDEX($F$3:$AU$37, 0, MATCH(F2, $F$2:$AU$2, 0)), 0)) -> PTE ISAAC | G42: =INDEX($A$3:$A$37, MATCH("R", INDEX($F$3:$AU$37, 0, MATCH(G2, $F$2:$AU$2, 0)), 0)) -> PTE NATHAN | H42: =INDEX($A$3:$A$37, MATCH("R", INDEX($F$3:$AU$37, 0, MATCH(H2, $F$2:$AU$2, 0)), 0)) -> PTE CLARENCE | I42: =INDEX($A$3:$A$37, MATCH("R", INDEX($F$3:$AU$37, 0, MATCH(I2, $F$2:$AU$2, 0)), 0)) -> PTE KRISHAN | J42: =INDEX($A$3:$A$37, MATCH("R", INDEX($F$3:$AU$37, 0, MATCH(J2, $F$2:$AU$2, 0)), 0)) -> REC PARAM | K42: =INDEX($A$3:$A$37, MATCH("R", INDEX($F$3:$AU$37, 0, MATCH(K2, $F$2:$AU$2, 0)), 0)) -> CPL FIRMAN | L42: =INDEX($A$3:$A$37, MATCH("R", INDEX($F$3:$AU$37, 0, MATCH(L2, $F$2:$AU$2, 0)), 0)) -> LCP EZRA | M42: =INDEX($A$3:$A$37, MATCH("R", INDEX($F$3:$AU$37, 0, MATCH(M2, $F$2:$AU$2, 0)), 0)) -> PTE AFIF | ... AY42: =INDEX($A$3:$A$37, MATCH("R", INDEX($F$3:$AU$37, 0, MATCH(AY2, $F$2:$AU$2, 0)), 0)) -> #N/A
A43: Total Duties | C43: =COUNTA($F$1:$AU$1) -> 39 | E43: Reserve 2 | F43: =INDEX($A$3:$A$37, MATCH("R2", INDEX($F$3:$AU$37, 0, MATCH(F2, $F$2:$AU$2, 0)), 0)) -> PTE NICO | G43: =INDEX($A$3:$A$37, MATCH("R2", INDEX($F$3:$AU$37, 0, MATCH(G2, $F$2:$AU$2, 0)), 0)) -> #N/A | H43: =INDEX($A$3:$A$37, MATCH("R2", INDEX($F$3:$AU$37, 0, MATCH(H2, $F$2:$AU$2, 0)), 0)) -> #N/A | I43: =INDEX($A$3:$A$37, MATCH("R2", INDEX($F$3:$AU$37, 0, MATCH(I2, $F$2:$AU$2, 0)), 0)) -> #N/A | J43: =INDEX($A$3:$A$37, MATCH("R2", INDEX($F$3:$AU$37, 0, MATCH(J2, $F$2:$AU$2, 0)), 0)) -> PTE REUVEN | K43: =INDEX($A$3:$A$37, MATCH("R2", INDEX($F$3:$AU$37, 0, MATCH(K2, $F$2:$AU$2, 0)), 0)) -> PTE ISAAC | L43: =INDEX($A$3:$A$37, MATCH("R2", INDEX($F$3:$AU$37, 0, MATCH(L2, $F$2:$AU$2, 0)), 0)) -> REC RUI FENG | M43: =INDEX($A$3:$A$37, MATCH("R2", INDEX($F$3:$AU$37, 0, MATCH(M2, $F$2:$AU$2, 0)), 0)) -> PTE KRISHAN | ... AY43: =INDEX($A$3:$A$37, MATCH("R2", INDEX($F$3:$AU$37, 0, MATCH(AY2, $F$2:$AU$2, 0)), 0)) -> #N/A
A44: Total Personnel | C44: =SUBTOTAL(103, $A$3:$A$37) -> 25
A47: Excuse Stay in
A48: PA
A49: R&D
A50: RM
A51: PR
A52: MEDIA
A53: OPS RM
A54: TRG BR
A55: SBE
A56: TCRS 1
A57: TCRS 2
A58: TCRS 3

Sheet May Master Duty Overview
A1: Duty Personnel Duty | B1: Total Points | C1: Duty Points | D1: Reserve Points | E1: Reserve Points 2 | F1: THURSDAY (AM) | G1: THURSDAY (PM) | H1: FRIDAY | I1: SATURDAY (AM) | J1: SATURDAY (PM) | K1: SUNDAY (AM) | L1: SUNDAY (PM) | M1: MONDAY | N1: TUESDAY | O1: WEDNESDAY | P1: THURSDAY | Q1: FRIDAY | R1: SATURDAY (AM) | S1: SATURDAY (PM) | T1: SUNDAY (AM) | U1: SUNDAY (PM) | V1: MONDAY (AM) | W1: MONDAY (PM) | X1: TUESDAY | Y1: WEDNESDAY | Z1: THURSDAY | AA1: FRIDAY | AB1: SATURDAY (AM) | AC1: SATURDAY (PM) | AD1: SUNDAY (AM) | AE1: SUNDAY (PM) | AF1: MONDAY | AG1: TUESDAY | AH1: WEDNESDAY | AI1: THURSDAY | AJ1: FRIDAY | AK1: SATURDAY (AM) | AL1: SATURDAY (PM) | AM1: SUNDAY (AM) | AN1: SUNDAY (PM) | AO1: MONDAY | AP1: TUESDAY | AQ1: WEDNESDAY | AR1: THURSDAY | AS1: FRIDAY | AT1: SATURDAY (AM) | AU1: SATURDAY (PM) | AV1: SUNDAY (AM) | AW1: SUNDAY (PM) | AX1: SUNDAY (AM) | AY1: SUNDAY (PM)
F2: 1-5-25 (PAM) | G2: 1-5-25 (PPM) | H2: 45779 | I2: 3-5-25 (AM) | J2: 3-5-25 (PM) | K2: 4-5-25 (AM) | L2: 4-5-25 (PM) | M2: 45782 | N2: 45783 | O2: 45784 | P2: 45785 | Q2: 45786 | R2: 10-5-25 (AM) | S2: 10-5-25 (PM) | T2: 11-5-25 (AM) | U2: 11-5-25 (PM) | V2: 12-5-25 (PAM) | W2: 12-5-25 (PPM) | X2: 45790 | Y2: 45791 | Z2: 45792 | AA2: 45793 | AB2: 17-5-25 (AM) | AC2: 17-5-25 (PM) | AD2: 18-5-25 (AM) | AE2: 18-5-25 (PM) | AF2: 45796 | AG2: 45797 | AH2: 45798 | AI2: 45799 | AJ2: 45800 | AK2: 24-5-25 (AM) | AL2: 24-5-25 (PM) | AM2: 25-5-25 (AM) | AN2: 25-5-25 (PM) | AO2: 45803 | AP2: 45804 | AQ2: 45805 | AR2: 45806 | AS2: 45807 | AT2: 31-5-25 (AM) | AU2: 31-5-25 (PM) | AV2: 26-1-25 (AM) | AW2: 26-1-25 (PM) | AX2: 26-1-25 (AM) | AY2: 26-1-25 (PM)
A3: LCP EZRA | B3: =SUM(C3:D3) -> 4 | C3: =SUM(F3:AU3) -> 2 | D3: {=SUM(IF(F3:AU3="R",1,0))} -> 2 | E3: {=SUM(IF(F3:AU3="R2",1,0))} -> 1 | F3: 1 | K3: 1 | AB3: r2 | AF3: r | AR3: r
A4: CPL FIRMAN | B4: =SUM(C4:D4) -> 3 | C4: =SUM(F4:AU4) -> 1 | D4: {=SUM(IF(F4:AU4="R",1,0))} -> 2 | E4: {=SUM(IF(F4:AU4="R2",1,0))} -> 1 | V4: 1 | AC4: r2 | AG4: r | AQ4: r
A5: PTE AFIF | B5: =SUM(C5:D5) -> 3 | C5: =SUM(F5:AU5) -> 1 | D5: {=SUM(IF(F5:AU5="R",1,0))} -> 2 | E5: {=SUM(IF(F5:AU5="R2",1,0))} -> 0 | G5: 1 | AE5: r | AP5: r
A6: PTE JULLION | C6: =SUM(F6:AU6) -> 0 | D6: {=SUM(IF(F6:AU6="R",1,0))} -> 0 | E6: {=SUM(IF(F6:AU6="R2",1,0))} -> 0
A7: PTE TRISTEN | B7: =SUM(C7:D7) -> 3 | C7: =SUM(F7:AU7) -> 2 | D7: {=SUM(IF(F7:AU7="R",1,0))} -> 1 | E7: {=SUM(IF(F7:AU7="R2",1,0))} -> 1 | O7: 1 | R7: r2 | AG7: 1 | AM7: r
A8: REC RUI FENG | B8: =SUM(C8:D8) -> 3 | C8: =SUM(G8:AU8) -> 2 | D8: {=SUM(IF(G8:AU8="R",1,0))} -> 1 | E8: {=SUM(IF(G8:AU8="R2",1,0))} -> 1 | T8: r2 | X8: 1 | AB8: 1 | AK8: r
A9: LCP MITCHELL | B9: =SUM(C9:D9) -> 4 | C9: =SUM(F9:AU9) -> 2 | D9: {=SUM(IF(F9:AU9="R",1,0))} -> 2 | E9: {=SUM(IF(F9:AU9="R2",1,0))} -> 2 | G9: r | L9: 1 | N9: r2 | R9: 1 | AH9: r | AQ9: r2
A10: PTE ANISH | C10: =SUM(F10:AU10) -> 2 | D10: {=SUM(IF(F10:AU10="R",1,0))} -> 2 | E10: {=SUM(IF(F10:AU10="R2",1,0))} -> 2 | L10: r2 | Y10: 1 | AA10: r2 | AD10: r | AI10: r | AQ10: 1
A11: PTE IZDIHAR | C11: =SUM(F11:AU11) -> 0 | D11: {=SUM(IF(F11:AU11="R",1,0))} -> 0 | E11: {=SUM(IF(F11:AU11="R2",1,0))} -> 0
A12: PTE INDRA | C12: =SUM(F12:AU12) -> 2 | D12: {=SUM(IF(F12:AU12="R",1,0))} -> 2 | E12: {=SUM(IF(F12:AU12="R2",1,0))} -> 2 | H12: r | N12: 1 | S12: r2 | AH12: r2 | AO12: 1 | AS12: r
A13: PTE KRISHAN | C13: =SUM(F13:AU13) -> 1 | D13: {=SUM(IF(F13:AU13="R",1,0))} -> 1 | E13: {=SUM(IF(F13:AU13="R2",1,0))} -> 2 | I13: r | P13: r2 | AJ13: r2 | AR13: 1
A14: CPL MICHAEL | B14: =SUM(C14:D14) -> 3 | C14: =SUM(F14:AU14) -> 2 | D14: {=SUM(IF(F14:AU14="R",1,0))} -> 1 | E14: {=SUM(IF(F14:AU14="R2",1,0))} -> 1 | J14: r | Q14: 1 | AL14: 1 | AP14: r2
A15: PTE CLARENCE | C15: =SUM(F15:AU15) -> 2 | D15: {=SUM(IF(F15:AU15="R",1,0))} -> 1 | E15: {=SUM(IF(F15:AU15="R2",1,0))} -> 2 | H15: 1 | K15: r | O15: r2 | AI15: 1 | AO15: r2
A16: CPL AZHARI | B16: =SUM(C16:D16) -> 3 | C16: =SUM(F16:AU16) -> 2 | D16: {=SUM(IF(F16:AU16="R",1,0))} -> 1 | E16: {=SUM(IF(F16:AU16="R2",1,0))} -> 2 | L16: r | Q16: r2 | AA16: 1 | AG16: r2 | AS16: 1
A17: REC ETHAN | C17: =SUM(F17:AU17) -> 0 | D17: {=SUM(IF(F17:AU17="R",1,0))} -> 0 | E17: {=SUM(IF(F17:AU17="R2",1,0))} -> 0
A18: PTE JEFF | B18: =SUM(C18:D18) -> 0 | C18: =SUM(F18:AU18) -> 0 | D18: {=SUM(IF(F18:AU18="R",1,0))} -> 0 | E18: {=SUM(IF(F18:AU18="R2",1,0))} -> 0
A19: PTE PARAM | B19: =SUM(C19:D19) -> 2 | C19: =SUM(F19:AU19) -> 1 | D19: {=SUM(IF(F19:AU19="R",1,0))} -> 1 | E19: {=SUM(IF(F19:AU19="R2",1,0))} -> 1 | F19: r2 | AB19: r | AK19: 1
A20: PTE JASPER | C20: =SUM(F20:AU20) -> 0 | D20: {=SUM(IF(F20:AU20="R",1,0))} -> 0 | E20: {=SUM(IF(F20:AU20="R2",1,0))} -> 0
A21: LCP AMIN | B21: =SUM(C21:D21) -> 0 | C21: =SUM(F21:AU21) -> 0 | D21: {=SUM(IF(F21:AU21="R",1,0))} -> 0 | E21: {=SUM(IF(F21:AU21="R2",1,0))} -> 0
A22: PTE ISAAC | B22: =SUM(C22:D22) -> 3 | C22: =SUM(F22:AU22) -> 1 | D22: {=SUM(IF(F22:AU22="R",1,0))} -> 2 | E22: {=SUM(IF(F22:AU22="R2",1,0))} -> 2 | M22: r | T22: 1 | Y22: r | AE22: r2 | AI22: r2
A23: LCP GLADWYN | C23: =SUM(F23:AU23) -> 0 | D23: {=SUM(IF(F23:AU23="R",1,0))} -> 0 | E23: {=SUM(IF(F23:AU23="R2",1,0))} -> 0
A24: LCP ZI XUAN | B24: =SUM(C24:D24) -> 0 | C24: =SUM(F24:AU24) -> 0 | D24: {=SUM(IF(F24:AU24="R",1,0))} -> 0 | E24: {=SUM(IF(F24:AU24="R2",1,0))} -> 0
A25: LCP SURIA | C25: =SUM(F25:AU25) -> 1 | D25: {=SUM(IF(F25:AU25="R",1,0))} -> 2 | E25: {=SUM(IF(F25:AU25="R2",1,0))} -> 2 | J25: 1 | N25: r | V25: r2 | Z25: r | AN25: r2
A26: PTE NICO | B26: =SUM(C26:D26) -> 4 | C26: =SUM(F26:AU26) -> 2 | D26: {=SUM(IF(F26:AU26="R",1,0))} -> 2 | E26: {=SUM(IF(F26:AU26="R2",1,0))} -> 3 | K26: r2 | O26: r | W26: r2 | Z26: 1 | AF26: r2 | AJ26: r | AM26: 1
A27: PTE DYLAN | C27: =SUM(F27:AU27) -> 2 | D27: {=SUM(IF(F27:AU27="R",1,0))} -> 2 | E27: {=SUM(IF(F27:AU27="R2",1,0))} -> 3 | M27: r2 | P27: r | U27: r2 | X27: r | AE27: 1 | AL27: r2 | AU27: 1
A28: LCP JERRYL | B28: =SUM(C28:D28) -> 4 | C28: =SUM(F28:AU28) -> 2 | D28: {=SUM(IF(F28:AU28="R",1,0))} -> 2 | E28: {=SUM(IF(F28:AU28="R2",1,0))} -> 1 | AA28: r | AD28: r2 | AF28: 1 | AJ28: 1 | AT28: r
A29: PTE ABBAS | B29: =SUM(C29:D29) -> 0 | C29: =SUM(F29:AU29) -> 0 | D29: {=SUM(IF(F29:AU29="R",1,0))} -> 0 | E29: {=SUM(IF(F29:AU29="R2",1,0))} -> 0
A30: PTE DEXTER | B30: =SUM(C30:D30) -> 0 | C30: =SUM(F30:AU30) -> 0 | D30: {=SUM(IF(F30:AU30="R",1,0))} -> 0 | E30: {=SUM(IF(F30:AU30="R2",1,0))} -> 0
A31: PTE RYAN | C31: =SUM(F31:AU31) -> 1 | D31: {=SUM(IF(F31:AU31="R",1,0))} -> 2 | E31: {=SUM(IF(F31:AU31="R2",1,0))} -> 2 | G31: r2 | Q31: r | W31: r | AC31: 1 | AK31: r2
A32: 3SG YUSUF | B32: =SUM(B4:B38) -> #REF! | C32: =SUM(F32:AU32) -> 0 | D32: {=SUM(IF(F32:AU32="R",1,0))} -> 0 | E32: {=SUM(IF(F32:AU32="R2",1,0))} -> 0
A33: REC ASH | B33: =SUM(F33:AS33) -> 2 | C33: =SUM(F33:AU33) -> 2 | D33: {=SUM(IF(F33:AU33="R",1,0))} -> 2 | E33: {=SUM(IF(F33:AU33="R2",1,0))} -> 2 | J33: r2 | P33: 1 | U33: r | AM33: r2 | AP33: 1 | AU33: r
A34: PTE GABRIEL | B34: =SUM(F34:AS34) -> 1 | C34: =SUM(F34:AU34) -> 1 | D34: {=SUM(IF(F34:AU34="R",1,0))} -> 2 | E34: {=SUM(IF(F34:AU34="R2",1,0))} -> 2 | I34: r2 | R34: r | U34: 1 | AO34: r | AR34: r2
A35: CPL JIREH | C35: =SUM(F35:AU35) -> 2 | D35: {=SUM(IF(F35:AU35="R",1,0))} -> 2 | E35: {=SUM(IF(F35:AU35="R2",1,0))} -> 2 | S35: r | W35: 1 | Z35: r2 | AC35: r | AH35: 1 | AS35: r2
A36: PTE NATHAN | C36: =SUM(F36:AU36) -> 2 | D36: {=SUM(IF(F36:AU36="R",1,0))} -> 2 | E36: {=SUM(IF(G36:AV36="R2",1,0))} -> 2 | I36: 1 | S36: 1 | V36: r | Y36: r2 | AN36: r | AT36: r2
A37: PTE SUSHIL | C37: =SUM(F37:AU37) -> 2 | D37: {=SUM(IF(F37:AU37="R",1,0))} -> 2 | E37: {=SUM(IF(G37:AV37="R2",1,0))} -> 3 | H37: r2 | M37: 1 | T37: r | X37: r2 | AL37: r | AN37: 1 | AU37: r2
A38: PTE REUVEN | B38: =SUM(C38:D38) -> 3 | C38: =SUM(F38:AU38) -> 2 | D38: {=SUM(IF(F38:AU38="R",1,0))} -> 1 | E38: {=SUM(IF(F38:AU38="R2",1,0))} -> 0 | F38: r | AD38: 1 | AT38: 1
A39: 3SG YAOCHEN | C39: =SUM(F39:AU39) -> 0 | D39: {=SUM(IF(F39:AU39="R",1,0))} -> 0 | E39: {=SUM(IF(F39:AU39="R2",1,0))} -> 0
A40: Total | C40: =SUM(F40:AU40) -> 42 | F40: =SUM(F3:F39) -> 1 | G40: =SUM(G3:G39) -> 1 | H40: =SUM(H3:H39) -> 1 | I40: =SUM(I3:I39) -> 1 | J40: =SUM(J3:J39) -> 1 | K40: =SUM(K3:K39) -> 1 | L40: =SUM(L3:L39) -> 1 | M40: =SUM(M3:M39) -> 1 | ... AY40: =SUM(AY3:AY39) -> 0
A41: Reserve 1 | C41: =SUM(F41:AU41) -> 42 | F41: {=SUM(IF(F3:F39="R",1,0))} -> 1 | G41: {=SUM(IF(G3:G39="R",1,0))} -> 1 | H41: {=SUM(IF(H3:H39="R",1,0))} -> 1 | I41: {=SUM(IF(I3:I39="R",1,0))} -> 1 | J41: {=SUM(IF(J3:J39="R",1,0))} -> 1 | K41: {=SUM(IF(K3:K39="R",1,0))} -> 1 | L41: {=SUM(IF(L3:L39="R",1,0))} -> 1 | M41: {=SUM(IF(M3:M39="R",1,0))} -> 1 | ... AY41: {=SUM(IF(AY3:AY39="R",1,0))} -> 0
A42: Reserve 2 | C42: =SUM(F42:AU42) -> 42 | F42: {=SUM(IF(F3:F39="R2",1,0))} -> 1 | G42: {=SUM(IF(G3:G39="R2",1,0))} -> 1 | H42: {=SUM(IF(H3:H39="R2",1,0))} -> 1 | I42: {=SUM(IF(I3:I39="R2",1,0))} -> 1 | J42: {=SUM(IF(J3:J39="R2",1,0))} -> 1 | K42: {=SUM(IF(K3:K39="R2",1,0))} -> 1 | L42: {=SUM(IF(L3:L39="R2",1,0))} -> 1 | M42: {=SUM(IF(M3:M39="R2",1,0))} -> 1 | ... AY42: {=SUM(IF(AY3:AY39="R2",1,0))} -> 0
E43: Duty Clerk | F43: =IFERROR(INDEX($A$3:$A$39, MATCH(1, INDEX($F$3:$AU$39, 0, MATCH(F2, $F$2:$AU$2, 0)), 0)), INDEX($A$3:$A$39, MATCH(1, INDEX($F$3:$AU$39, 0, MATCH(F2&" AM", $F$2:$AU$2, 0)), 0))) -> LCP EZRA | G43: =IFERROR(INDEX($A$3:$A$39, MATCH(1, INDEX($F$3:$AU$39, 0, MATCH(G2, $F$2:$AU$2, 0)), 0)), INDEX($A$3:$A$39, MATCH(1, INDEX($F$3:$AU$39, 0, MATCH(G2&" AM", $F$2:$AU$2, 0)), 0))) -> PTE AFIF | H43: =IFERROR(INDEX($A$3:$A$39, MATCH(1, INDEX($F$3:$AU$39, 0, MATCH(H2, $F$2:$AU$2, 0)), 0)), INDEX($A$3:$A$39, MATCH(1, INDEX($F$3:$AU$39, 0, MATCH(H2&" AM", $F$2:$AU$2, 0)), 0))) -> PTE CLARENCE | I43: =IFERROR(INDEX($A$3:$A$39, MATCH(1, INDEX($F$3:$AU$39, 0, MATCH(I2, $F$2:$AU$2, 0)), 0)), INDEX($A$3:$A$39, MATCH(1, INDEX($F$3:$AU$39, 0, MATCH(I2&" AM", $F$2:$AU$2, 0)), 0))) -> PTE NATHAN | J43: =IFERROR(INDEX($A$3:$A$39, MATCH(1, INDEX($F$3:$AU$39, 0, MATCH(J2, $F$2:$AU$2, 0)), 0)), INDEX($A$3:$A$39, MATCH(1, INDEX($F$3:$AU$39, 0, MATCH(J2&" AM", $F$2:$AU$2, 0)), 0))) -> LCP SURIA | K43: =IFERROR(INDEX($A$3:$A$39, MATCH(1, INDEX($F$3:$AU$39, 0, MATCH(K2, $F$2:$AU$2, 0)), 0)), INDEX($A$3:$A$39, MATCH(1, INDEX($F$3:$AU$39, 0, MATCH(K2&" AM", $F$2:$AU$2, 0)), 0))) -> LCP EZRA | L43: =IFERROR(INDEX($A$3:$A$39, MATCH(1, INDEX($F$3:$AU$39, 0, MATCH(L2, $F$2:$AU$2, 0)), 0)), INDEX($A$3:$A$39, MATCH(1, INDEX($F$3:$AU$39, 0, MATCH(L2&" AM", $F$2:$AU$2, 0)), 0))) -> LCP MITCHELL | M43: =IFERROR(INDEX($A$3:$A$39, MATCH(1, INDEX($F$3:$AU$39, 0, MATCH(M2, $F$2:$AU$2, 0)), 0)), INDEX($A$3:$A$39, MATCH(1, INDEX($F$3:$AU$39, 0, MATCH(M2&" AM", $F$2:$AU$2, 0)), 0))) -> PTE SUSHIL | ... V43: =IFERROR(INDEX($A$3:$A$39, MATCH(1, INDEX($F$3:$AU$39, 0, MATCH(V2, $F$2:$AU$2, 0)), 0)), INDEX($A$3:$A$39, MATCH(1, INDEX($F$3:$AU$39, 0, MATCH(V2&" AM", $F$2:$AU$2, 0)), 0))) -> CPL FIRMAN | W43: =IFERROR(INDEX($A$3:$A$39, MATCH(1, INDEX($F$3:$AU$39, 0, MATCH(W2, $F$2:$AU$2, 0)), 0)), INDEX($A$3:$A$39, MATCH(1, INDEX($F$3:$AU$39, 0, MATCH(X2&" AM", $F$2:$AU$2, 0)), 0))) -> CPL JIREH | X43: =IFERROR(INDEX($A$3:$A$39, MATCH(1, INDEX($F$3:$AU$39, 0, MATCH(X2, $F$2:$AU$2, 0)), 0)), INDEX($A$3:$A$39, MATCH(1, INDEX($F$3:$AU$39, 0, MATCH(Y2&" AM", $F$2:$AU$2, 0)), 0))) -> REC RUI FENG | Y43: =IFERROR(INDEX($A$3:$A$39, MATCH(1, INDEX($F$3:$AU$39, 0, MATCH(Y2, $F$2:$AU$2, 0)), 0)), INDEX($A$3:$A$39, MATCH(1, INDEX($F$3:$AU$39, 0, MATCH(Z2&" AM", $F$2:$AU$2, 0)), 0))) -> PTE ANISH | Z43: =IFERROR(INDEX($A$3:$A$39, MATCH(1, INDEX($F$3:$AU$39, 0, MATCH(Z2, $F$2:$AU$2, 0)), 0)), INDEX($A$3:$A$39, MATCH(1, INDEX($F$3:$AU$39, 0, MATCH(AA2&" AM", $F$2:$AU$2, 0)), 0))) -> PTE NICO | AA43: =IFERROR(INDEX($A$3:$A$39, MATCH(1, INDEX($F$3:$AU$39, 0, MATCH(AA2, $F$2:$AU$2, 0)), 0)), INDEX($A$3:$A$39, MATCH(1, INDEX($F$3:$AU$39, 0, MATCH(AB2&" AM", $F$2:$AU$2, 0)), 0))) -> CPL AZHARI | AB43: =IFERROR(INDEX($A$3:$A$39, MATCH(1, INDEX($F$3:$AU$39, 0, MATCH(AB2, $F$2:$AU$2, 0)), 0)), INDEX($A$3:$A$39, MATCH(1, INDEX($F$3:$AU$39, 0, MATCH(AC2&" AM", $F$2:$AU$2, 0)), 0))) -> REC RUI FENG | AC43: =IFERROR(INDEX($A$3:$A$39, MATCH(1, INDEX($F$3:$AU$39, 0, MATCH(AC2, $F$2:$AU$2, 0)), 0)), INDEX($A$3:$A$39, MATCH(1, INDEX($F$3:$AU$39, 0, MATCH(AD2&" AM", $F$2:$AU$2, 0)), 0))) -> PTE RYAN | AD43: =IFERROR(INDEX($A$3:$A$39, MATCH(1, INDEX($F$3:$AU$39, 0, MATCH(AD2, $F$2:$AU$2, 0)), 0)), INDEX($A$3:$A$39, MATCH(1, INDEX($F$3:$AU$39, 0, MATCH(AD2&" AM", $F$2:$AU$2, 0)), 0))) -> PTE REUVEN | AE43: =IFERROR(INDEX($A$3:$A$39, MATCH(1, INDEX($F$3:$AU$39, 0, MATCH(AE2, $F$2:$AU$2, 0)), 0)), INDEX($A$3:$A$39, MATCH(1, INDEX($F$3:$AU$39, 0, MATCH(AE2&" AM", $F$2:$AU$2, 0)), 0))) -> PTE DYLAN | AF43: =IFERROR(INDEX($A$3:$A$39, MATCH(1, INDEX($F$3:$AU$39, 0, MATCH(AF2, $F$2:$AU$2, 0)), 0)), INDEX($A$3:$A$39, MATCH(1, INDEX($F$3:$AU$39, 0, MATCH(AF2&" AM", $F$2:$AU$2, 0)), 0))) -> LCP JERRYL | AG43: =IFERROR(INDEX($A$3:$A$39, MATCH(1, INDEX($F$3:$AU$39, 0, MATCH(AG2, $F$2:$AU$2, 0)), 0)), INDEX($A$3:$A$39, MATCH(1, INDEX($F$3:$AU$39, 0, MATCH(AG2&" AM", $F$2:$AU$2, 0)), 0))) -> PTE TRISTEN | AH43: =IFERROR(INDEX($A$3:$A$39, MATCH(1, INDEX($F$3:$AU$39, 0, MATCH(AH2, $F$2:$AU$2, 0)), 0)), INDEX($A$3:$A$39, MATCH(1, INDEX($F$3:$AU$39, 0, MATCH(AH2&" AM", $F$2:$AU$2, 0)), 0))) -> CPL JIREH | AI43: =IFERROR(INDEX($A$3:$A$39, MATCH(1, INDEX($F$3:$AU$39, 0, MATCH(AI2, $F$2:$AU$2, 0)), 0)), INDEX($A$3:$A$39, MATCH(1, INDEX($F$3:$AU$39, 0, MATCH(AI2&" AM", $F$2:$AU$2, 0)), 0))) -> PTE CLARENCE | AJ43: =IFERROR(INDEX($A$3:$A$39, MATCH(1, INDEX($F$3:$AU$39, 0, MATCH(AJ2, $F$2:$AU$2, 0)), 0)), INDEX($A$3:$A$39, MATCH(1, INDEX($F$3:$AU$39, 0, MATCH(AJ2&" AM", $F$2:$AU$2, 0)), 0))) -> LCP JERRYL | AK43: =IFERROR(INDEX($A$3:$A$39, MATCH(1, INDEX($F$3:$AU$39, 0, MATCH(AK2, $F$2:$AU$2, 0)), 0)), INDEX($A$3:$A$39, MATCH(1, INDEX($F$3:$AU$39, 0, MATCH(AK2&" AM", $F$2:$AU$2, 0)), 0))) -> PTE PARAM | ... AY43: =IFERROR(INDEX($A$3:$A$39, MATCH(1, INDEX($F$3:$AU$39, 0, MATCH(AY2, $F$2:$AU$2, 0)), 0)), INDEX($A$3:$A$39, MATCH(1, INDEX($F$3:$AU$39, 0, MATCH(AY2&" AM", $F$2:$AU$2, 0)), 0))) -> #N/A
E44: Reserve | F44: =INDEX($A$3:$A$39, MATCH("R", INDEX($F$3:$AU$39, 0, MATCH(F2, $F$2:$AU$2, 0)), 0)) -> PTE REUVEN | G44: =INDEX($A$3:$A$39, MATCH("R", INDEX($F$3:$AU$39, 0, MATCH(G2, $F$2:$AU$2, 0)), 0)) -> LCP MITCHELL | H44: =INDEX($A$3:$A$39, MATCH("R", INDEX($F$3:$AU$39, 0, MATCH(H2, $F$2:$AU$2, 0)), 0)) -> PTE INDRA | I44: =INDEX($A$3:$A$39, MATCH("R", INDEX($F$3:$AU$39, 0, MATCH(I2, $F$2:$AU$2, 0)), 0)) -> PTE KRISHAN | J44: =INDEX($A$3:$A$39, MATCH("R", INDEX($F$3:$AU$39, 0, MATCH(J2, $F$2:$AU$2, 0)), 0)) -> CPL MICHAEL | K44: =INDEX($A$3:$A$39, MATCH("R", INDEX($F$3:$AU$39, 0, MATCH(K2, $F$2:$AU$2, 0)), 0)) -> PTE CLARENCE | L44: =INDEX($A$3:$A$39, MATCH("R", INDEX($F$3:$AU$39, 0, MATCH(L2, $F$2:$AU$2, 0)), 0)) -> CPL AZHARI | M44: =INDEX($A$3:$A$39, MATCH("R", INDEX($F$3:$AU$39, 0, MATCH(M2, $F$2:$AU$2, 0)), 0)) -> PTE ISAAC | ... AY44: =INDEX($A$3:$A$39, MATCH("R", INDEX($F$3:$AU$39, 0, MATCH(AY2, $F$2:$AU$2, 0)), 0)) -> #N/A
A45: Total Duties | C45: =COUNTA($F$1:$AU$1) -> 42 | E45: Reserve 2 | F45: =INDEX($A$3:$A$39, MATCH("R2", INDEX($F$3:$AU$39, 0, MATCH(F2, $F$2:$AU$2, 0)), 0)) -> PTE PARAM | G45: =INDEX($A$3:$A$39, MATCH("R2", INDEX($F$3:$AU$39, 0, MATCH(G2, $F$2:$AU$2, 0)), 0)) -> PTE RYAN | H45: =INDEX($A$3:$A$39, MATCH("R2", INDEX($F$3:$AU$39, 0, MATCH(H2, $F$2:$AU$2, 0)), 0)) -> PTE SUSHIL | I45: =INDEX($A$3:$A$39, MATCH("R2", INDEX($F$3:$AU$39, 0, MATCH(I2, $F$2:$AU$2, 0)), 0)) -> PTE GABRIEL | J45: =INDEX($A$3:$A$39, MATCH("R2", INDEX($F$3:$AU$39, 0, MATCH(J2, $F$2:$AU$2, 0)), 0)) -> REC ASH | K45: =INDEX($A$3:$A$39, MATCH("R2", INDEX($F$3:$AU$39, 0, MATCH(K2, $F$2:$AU$2, 0)), 0)) -> PTE NICO | L45: =INDEX($A$3:$A$39, MATCH("R2", INDEX($F$3:$AU$39, 0, MATCH(L2, $F$2:$AU$2, 0)), 0)) -> PTE ANISH | M45: =INDEX($A$3:$A$39, MATCH("R2", INDEX($F$3:$AU$39, 0, MATCH(M2, $F$2:$AU$2, 0)), 0)) -> PTE DYLAN | ... AY45: =INDEX($A$3:$A$39, MATCH("R2", INDEX($F$3:$AU$39, 0, MATCH(AY2, $F$2:$AU$2, 0)), 0)) -> #N/A
A46: Total Personnel | C46: =SUBTOTAL(103, $A$3:$A$39) -> 25
A49: Excuse Stay in
A50: PA
A51: R&D
A52: RM
A53: PR
A54: MEDIA
A55: OPS RM
A56: TRG BR
A57: SBE
A58: TCRS 1
A59: TCRS 2
A60: TCRS 3

Sheet Junee Master Duty Overview
A1: Duty Personnel Duty | B1: Total Points | C1: Duty Points | D1: Reserve Points | E1: Reserve Points 2 | F1: SUNDAY | G1: SUNDAY | H1: MONDAY | I1: TUESDAY | J1: WEDNESDAY | K1: THURSDAY | L1: FRIDAY | M1: SATURDAY | N1: SATURDAY | O1: SUNDAY | P1: SUNDAY | Q1: MONDAY | R1: TUESDAY | S1: WEDNESDAY | T1: THURSDAY | U1: FRIDAY | V1: SATURDAY | W1: SATURDAY | X1: SUNDAY | Y1: SUNDAY | Z1: MONDAY | AA1: TUESDAY | AB1: WEDNESDAY | AC1: THURSDAY | AD1: FRIDAY | AE1: SATURDAY | AF1: SATURDAY | AG1: SUNDAY | AH1: SUNDAY | AI1: MONDAY | AJ1: TUESDAY | AK1: WEDNESDAY | AL1: THURSDAY | AM1: FRIDAY | AN1: SATURDAY | AO1: SATURDAY | AP1: SUNDAY | AQ1: SUNDAY | AR1: MONDAY | AU1: SATURDAY | AV1: SUNDAY (AM) | AW1: SUNDAY (PM) | AX1: SUNDAY (AM) | AY1: SUNDAY (PM)
F2: 1-6-25 (AM) | G2: 1-6-25 (PM) | H2: 45810 | I2: 45811 | J2: 45812 | K2: 45813 | L2: 45814 | M2: 7-6-25 (AM) | N2: 7-6-25 (PM) | O2: 8-6-25 (AM) | P2: 8-6-25 (PM) | Q2: 45817 | R2: 45818 | S2: 45819 | T2: 45820 | U2: 45821 | V2: 14-6-25 (AM) | W2: 14-6-25 (PM) | X2: 15-6-25 (AM) | Y2: 15-6-25 (PM) | Z2: 45824 | AA2: 45825 | AB2: 45826 | AC2: 45827 | AD2: 45828 | AE2: 21-6-25 (AM) | AF2: 21-6-25 (PM) | AG2: 22-6-25 (AM) | AH2: 22-6-25 (PM) | AI2: 45831 | AJ2: 45832 | AK2: 45833 | AL2: 45834 | AM2: 45835 | AN2: 28-6-25 (AM) | AO2: 28-6-25 (PM) | AP2: 29-6-25 (AM) | AQ2: 29-6-25 (PM) | AR2: 45838 | AV2: 26-1-25 (AM) | AW2: 26-1-25 (PM) | AX2: 26-1-25 (AM) | AY2: 26-1-25 (PM)
A3: LCP EZRA | B3: =SUM(C3:D3) -> 1 | C3: =SUM(F3:AU3) -> 1 | D3: {=SUM(IF(F3:AU3="R",1,0))} -> 0 | E3: {=SUM(IF(F3:AU3="R2",1,0))} -> 0 | N3: 1
A4: CPL FIRMAN | B4: =SUM(C4:D4) -> 3 | C4: =SUM(F4:AU4) -> 1 | D4: {=SUM(IF(F4:AU4="R",1,0))} -> 2 | E4: {=SUM(IF(F4:AU4="R2",1,0))} -> 2 | F4: 1 | M4: r | P4: r2 | T4: r | AO4: r2
A5: PTE AFIF | B5: =SUM(C5:D5) -> 4 | C5: =SUM(F5:AU5) -> 2 | D5: {=SUM(IF(F5:AU5="R",1,0))} -> 2 | E5: {=SUM(IF(F5:AU5="R2",1,0))} -> 2 | G5: r | O5: 1 | R5: r | AC5: r2 | AF5: r2 | AN5: 1
A6: PTE JULLION | C6: =SUM(F6:AU6) -> 0 | D6: {=SUM(IF(F6:AU6="R",1,0))} -> 0 | E6: {=SUM(IF(F6:AU6="R2",1,0))} -> 0
A7: PTE TRISTEN | B7: =SUM(C7:D7) -> 3 | C7: =SUM(F7:AU7) -> 1 | D7: {=SUM(IF(F7:AU7="R",1,0))} -> 2 | E7: {=SUM(IF(F7:AU7="R2",1,0))} -> 2 | F7: r | M7: r2 | R7: r2 | S7: 1 | V7: r
A8: REC RUI FENG | B8: =SUM(C8:D8) -> 3 | C8: =SUM(G8:AU8) -> 1 | D8: {=SUM(IF(G8:AU8="R",1,0))} -> 2 | E8: {=SUM(IF(F8:AU8="R2",1,0))} -> 2 | F8: r2 | O8: r2 | X8: r | AE8: 1 | AG8: r
A9: LCP MITCHELL | B9: =SUM(C9:D9) -> 4 | C9: =SUM(F9:AU9) -> 2 | D9: {=SUM(IF(F9:AU9="R",1,0))} -> 2 | E9: {=SUM(IF(F9:AU9="R2",1,0))} -> 2 | H9: r | N9: r | R9: 1 | U9: r2 | AA9: r2 | AR9: 1
A10: PTE ANISH | C10: =SUM(F10:AU10) -> 0 | D10: {=SUM(IF(F10:AU10="R",1,0))} -> 0 | E10: {=SUM(IF(F10:AU10="R2",1,0))} -> 0
A11: PTE IZDIHAR | C11: =SUM(F11:AU11) -> 0 | D11: {=SUM(IF(F11:AU11="R",1,0))} -> 0 | E11: {=SUM(IF(F11:AU11="R2",1,0))} -> 0
A12: PTE INDRA | C12: =SUM(F12:AU12) -> 1 | D12: {=SUM(IF(F12:AU12="R",1,0))} -> 2 | E12: {=SUM(IF(F12:AU12="R2",1,0))} -> 2 | H12: 1 | O12: r | S12: r | W12: r2 | Z12: r2
A13: PTE KRISHAN | C13: =SUM(F13:AU13) -> 2 | D13: {=SUM(IF(F13:AU13="R",1,0))} -> 2 | E13: {=SUM(IF(F13:AU13="R2",1,0))} -> 2 | G13: r2 | N13: r2 | Q13: r | U13: r | AB13: 1 | AI13: 1
A14: CPL MICHAEL | B14: =SUM(C14:D14) -> 0 | C14: =SUM(F14:AU14) -> 0 | D14: {=SUM(IF(F14:AU14="R",1,0))} -> 0 | E14: {=SUM(IF(F14:AU14="R2",1,0))} -> 0
A15: PTE CLARENCE | C15: =SUM(F15:AU15) -> 1 | D15: {=SUM(IF(F15:AU15="R",1,0))} -> 2 | E15: {=SUM(IF(F15:AU15="R2",1,0))} -> 2 | H15: r2 | P15: r | S15: r2 | W15: r | AC15: 1
A16: CPL AZHARI | B16: =SUM(C16:D16) -> 0 | C16: =SUM(F16:AU16) -> 0 | D16: {=SUM(IF(F16:AU16="R",1,0))} -> 0 | E16: {=SUM(IF(F16:AU16="R2",1,0))} -> 0
A17: REC ETHAN | C17: =SUM(F17:AU17) -> 0 | D17: {=SUM(IF(F17:AU17="R",1,0))} -> 0 | E17: {=SUM(IF(F17:AU17="R2",1,0))} -> 0
A18: PTE JEFF | B18: =SUM(C18:D18) -> 0 | C18: =SUM(F18:AU18) -> 0 | D18: {=SUM(IF(F18:AU18="R",1,0))} -> 0 | E18: {=SUM(IF(F18:AU18="R2",1,0))} -> 0
A19: PTE HARITH | B19: =SUM(C19:D19) -> 4 | C19: =SUM(F19:AU19) -> 2 | D19: {=SUM(IF(F19:AU19="R",1,0))} -> 2 | E19: {=SUM(IF(F19:AU19="R2",1,0))} -> 2 | I19: r | K19: r2 | Q19: r2 | U19: 1 | Y19: r | AO19: 1
A20: PTE PARAM | B20: =SUM(C20:D20) -> 3 | C20: =SUM(F20:AU20) -> 2 | D20: {=SUM(IF(F20:AU20="R",1,0))} -> 1 | E20: {=SUM(IF(F20:AU20="R2",1,0))} -> 1 | AE20: r | AG20: 1 | AN20: r2 | AP20: 1
A21: PTE JASPER | C21: =SUM(F21:AU21) -> 0 | D21: {=SUM(IF(F21:AU21="R",1,0))} -> 0 | E21: {=SUM(IF(F21:AU21="R2",1,0))} -> 0
A22: PTE SYAFIQ | B22: =SUM(C22:D22) -> 4 | C22: =SUM(F22:AU22) -> 2 | D22: {=SUM(IF(F22:AU22="R",1,0))} -> 2 | E22: {=SUM(IF(F22:AU22="R2",1,0))} -> 2 | T22: r2 | X22: r2 | AA22: r | AD22: 1 | AH22: r | AQ22: 1
A23: LCP ISAAC | B23: =SUM(C23:D23) -> 3 | C23: =SUM(F23:AU23) -> 1 | D23: {=SUM(IF(F23:AU23="R",1,0))} -> 2 | E23: {=SUM(IF(F23:AU23="R2",1,0))} -> 2 | J23: 1 | L23: r | V23: r2 | AB23: r | AE23: r2
A24: LCP GLADWYN | C24: =SUM(F24:AU24) -> 0 | D24: {=SUM(IF(F24:AU24="R",1,0))} -> 0 | E24: {=SUM(IF(F24:AU24="R2",1,0))} -> 0
A25: LCP ZI XUAN | B25: =SUM(C25:D25) -> 0 | C25: =SUM(F25:AU25) -> 0 | D25: {=SUM(IF(F25:AU25="R",1,0))} -> 0 | E25: {=SUM(IF(F25:AU25="R2",1,0))} -> 0
A26: LCP SURIA | C26: =SUM(F26:AU26) -> 2 | D26: {=SUM(IF(F26:AU26="R",1,0))} -> 2 | E26: {=SUM(IF(F26:AU26="R2",1,0))} -> 1 | W26: 1 | AC26: r | AF26: 1 | AI26: r2 | AL26: r
A27: LCP NICO | B27: =SUM(C27:D27) -> 4 | C27: =SUM(F27:AU27) -> 2 | D27: {=SUM(IF(F27:AU27="R",1,0))} -> 2 | E27: {=SUM(IF(F27:AU27="R2",1,0))} -> 2 | V27: 1 | Y27: r2 | AB27: r2 | AF27: r | AJ27: r | AL27: 1
A28: PTE DYLAN | C28: =SUM(F28:AU28) -> 1 | D28: {=SUM(IF(F28:AU28="R",1,0))} -> 2 | E28: {=SUM(IF(F28:AU28="R2",1,0))} -> 2 | X28: 1 | Z28: r | AD28: r2 | AI28: r | AL28: r2
A29: LCP JERRYL | B29: =SUM(C29:D29) -> 3 | C29: =SUM(F29:AU29) -> 1 | D29: {=SUM(IF(F29:AU29="R",1,0))} -> 2 | E29: {=SUM(IF(F29:AU29="R2",1,0))} -> 2 | AG29: r2 | AJ29: r2 | AM29: 1 | AP29: r | AR29: r
A30: PTE RYAN | B30: =SUM(C30:D30) -> 4 | C30: =SUM(F30:AU30) -> 2 | D30: {=SUM(IF(F30:AU30="R",1,0))} -> 2 | E30: {=SUM(IF(F30:AU30="R2",1,0))} -> 2 | AA30: 1 | AD30: r | AH30: r2 | AJ30: 1 | AM30: r | AP30: r2
A31: PTE BRYAN | C31: =SUM(F31:AU31) -> 1 | D31: {=SUM(IF(F31:AU31="R",1,0))} -> 2 | E31: {=SUM(IF(F31:AU31="R2",1,0))} -> 2 | I31: r2 | K31: 1 | AK31: r | AO31: r | AR31: r2
A32: PTE BARATHAN | B32: =SUM(B4:B38) -> #REF! | C32: =SUM(F32:AU32) -> 2 | D32: {=SUM(IF(F32:AU32="R",1,0))} -> 1 | E32: {=SUM(IF(F32:AU32="R2",1,0))} -> 1 | I32: 1 | K32: r | P32: 1 | AM32: r2
A33: REC ASH | B33: =SUM(F33:AS33) -> 1 | C33: =SUM(F33:AU33) -> 1 | D33: {=SUM(IF(F33:AU33="R",1,0))} -> 0 | E33: {=SUM(IF(F33:AU33="R2",1,0))} -> 0 | AK33: 1
A34: PTE GABRIEL | B34: =SUM(F34:AS34) -> 2 | C34: =SUM(F34:AU34) -> 2 | D34: {=SUM(IF(F34:AU34="R",1,0))} -> 0 | E34: {=SUM(IF(F34:AU34="R2",1,0))} -> 0 | Y34: 1 | AH34: 1
A35: CPL JIREH | C35: =SUM(F35:AU35) -> 1 | D35: {=SUM(IF(F35:AU35="R",1,0))} -> 1 | E35: {=SUM(IF(F35:AU35="R2",1,0))} -> 0 | G35: 1 | AQ35: r
A36: PTE NATHAN | C36: =SUM(F36:AU36) -> 2 | D36: {=SUM(IF(F36:AU36="R",1,0))} -> 1 | E36: {=SUM(IF(G36:AV36="R2",1,0))} -> 1 | Q36: 1 | T36: 1 | AK36: r2 | AN36: r
A37: PTE SUSHIL | C37: =SUM(F37:AU37) -> 2 | D37: {=SUM(IF(F37:AU37="R",1,0))} -> 0 | E37: {=SUM(IF(G37:AV37="R2",1,0))} -> 1 | L37: 1 | Z37: 1 | AQ37: r2
A38: PTE REUVEN | B38: =SUM(C38:D38) -> 1 | C38: =SUM(F38:AU38) -> 1 | D38: {=SUM(IF(F38:AU38="R",1,0))} -> 0 | E38: {=SUM(IF(F38:AU38="R2",1,0))} -> 0 | M38: 1
A39: 3SG YAOCHEN | C39: =SUM(F39:AU39) -> 0 | D39: {=SUM(IF(F39:AU39="R",1,0))} -> 0 | E39: {=SUM(IF(F39:AU39="R2",1,0))} -> 0
A40: Total | C40: =SUM(F40:AU40) -> 39 | F40: =SUM(F3:F39) -> 1 | G40: =SUM(G3:G39) -> 1 | H40: =SUM(H3:H39) -> 1 | I40: =SUM(I3:I39) -> 1 | J40: =SUM(J3:J39) -> 1 | K40: =SUM(K3:K39) -> 1 | L40: =SUM(L3:L39) -> 1 | M40: =SUM(M3:M39) -> 1 | ... AY40: =SUM(AY3:AY39) -> 0
A41: Reserve 1 | C41: =SUM(F41:AU41) -> 38 | F41: {=SUM(IF(F3:F39="R",1,0))} -> 1 | G41: {=SUM(IF(G3:G39="R",1,0))} -> 1 | H41: {=SUM(IF(H3:H39="R",1,0))} -> 1 | I41: {=SUM(IF(I3:I39="R",1,0))} -> 1 | J41: {=SUM(IF(J3:J39="R",1,0))} -> 0 | K41: {=SUM(IF(K3:K39="R",1,0))} -> 1 | L41: {=SUM(IF(L3:L39="R",1,0))} -> 1 | M41: {=SUM(IF(M3:M39="R",1,0))} -> 1 | ... AY41: {=SUM(IF(AY3:AY39="R",1,0))} -> 0
A42: Reserve 2 | C42: =SUM(F42:AU42) -> 37 | F42: {=SUM(IF(F3:F39="R2",1,0))} -> 1 | G42: {=SUM(IF(G3:G39="R2",1,0))} -> 1 | H42: {=SUM(IF(H3:H39="R2",1,0))} -> 1 | I42: {=SUM(IF(I3:I39="R2",1,0))} -> 1 | J42: {=SUM(IF(J3:J39="R2",1,0))} -> 0 | K42: {=SUM(IF(K3:K39="R2",1,0))} -> 1 | L42: {=SUM(IF(L3:L39="R2",1,0))} -> 0 | M42: {=SUM(IF(M3:M39="R2",1,0))} -> 1 | ... AY42: {=SUM(IF(AY3:AY39="R2",1,0))} -> 0
E43: Duty Clerk | F43: =IFERROR(INDEX($A$3:$A$39, MATCH(1, INDEX($F$3:$AU$39, 0, MATCH(F2, $F$2:$AU$2, 0)), 0)), INDEX($A$3:$A$39, MATCH(1, INDEX($F$3:$AU$39, 0, MATCH(F2&" AM", $F$2:$AU$2, 0)), 0))) -> CPL FIRMAN | G43: =IFERROR(INDEX($A$3:$A$39, MATCH(1, INDEX($F$3:$AU$39, 0, MATCH(G2, $F$2:$AU$2, 0)), 0)), INDEX($A$3:$A$39, MATCH(1, INDEX($F$3:$AU$39, 0, MATCH(G2&" AM", $F$2:$AU$2, 0)), 0))) -> CPL JIREH | H43: =IFERROR(INDEX($A$3:$A$39, MATCH(1, INDEX($F$3:$AU$39, 0, MATCH(H2, $F$2:$AU$2, 0)), 0)), INDEX($A$3:$A$39, MATCH(1, INDEX($F$3:$AU$39, 0, MATCH(H2&" AM", $F$2:$AU$2, 0)), 0))) -> PTE INDRA | I43: =IFERROR(INDEX($A$3:$A$39, MATCH(1, INDEX($F$3:$AU$39, 0, MATCH(I2, $F$2:$AU$2, 0)), 0)), INDEX($A$3:$A$39, MATCH(1, INDEX($F$3:$AU$39, 0, MATCH(I2&" AM", $F$2:$AU$2, 0)), 0))) -> PTE BARATHAN | J43: =IFERROR(INDEX($A$3:$A$39, MATCH(1, INDEX($F$3:$AU$39, 0, MATCH(J2, $F$2:$AU$2, 0)), 0)), INDEX($A$3:$A$39, MATCH(1, INDEX($F$3:$AU$39, 0, MATCH(J2&" AM", $F$2:$AU$2, 0)), 0))) -> LCP ISAAC | K43: =IFERROR(INDEX($A$3:$A$39, MATCH(1, INDEX($F$3:$AU$39, 0, MATCH(K2, $F$2:$AU$2, 0)), 0)), INDEX($A$3:$A$39, MATCH(1, INDEX($F$3:$AU$39, 0, MATCH(K2&" AM", $F$2:$AU$2, 0)), 0))) -> PTE BRYAN | L43: =IFERROR(INDEX($A$3:$A$39, MATCH(1, INDEX($F$3:$AU$39, 0, MATCH(L2, $F$2:$AU$2, 0)), 0)), INDEX($A$3:$A$39, MATCH(1, INDEX($F$3:$AU$39, 0, MATCH(L2&" AM", $F$2:$AU$2, 0)), 0))) -> PTE SUSHIL | M43: =IFERROR(INDEX($A$3:$A$39, MATCH(1, INDEX($F$3:$AU$39, 0, MATCH(M2, $F$2:$AU$2, 0)), 0)), INDEX($A$3:$A$39, MATCH(1, INDEX($F$3:$AU$39, 0, MATCH(M2&" AM", $F$2:$AU$2, 0)), 0))) -> PTE REUVEN | ... V43: =IFERROR(INDEX($A$3:$A$39, MATCH(1, INDEX($F$3:$AU$39, 0, MATCH(V2, $F$2:$AU$2, 0)), 0)), INDEX($A$3:$A$39, MATCH(1, INDEX($F$3:$AU$39, 0, MATCH(V2&" AM", $F$2:$AU$2, 0)), 0))) -> LCP NICO | W43: =IFERROR(INDEX($A$3:$A$39, MATCH(1, INDEX($F$3:$AU$39, 0, MATCH(W2, $F$2:$AU$2, 0)), 0)), INDEX($A$3:$A$39, MATCH(1, INDEX($F$3:$AU$39, 0, MATCH(X2&" AM", $F$2:$AU$2, 0)), 0))) -> LCP SURIA | X43: =IFERROR(INDEX($A$3:$A$39, MATCH(1, INDEX($F$3:$AU$39, 0, MATCH(X2, $F$2:$AU$2, 0)), 0)), INDEX($A$3:$A$39, MATCH(1, INDEX($F$3:$AU$39, 0, MATCH(Y2&" AM", $F$2:$AU$2, 0)), 0))) -> PTE DYLAN | Y43: =IFERROR(INDEX($A$3:$A$39, MATCH(1, INDEX($F$3:$AU$39, 0, MATCH(Y2, $F$2:$AU$2, 0)), 0)), INDEX($A$3:$A$39, MATCH(1, INDEX($F$3:$AU$39, 0, MATCH(Z2&" AM", $F$2:$AU$2, 0)), 0))) -> PTE GABRIEL | Z43: =IFERROR(INDEX($A$3:$A$39, MATCH(1, INDEX($F$3:$AU$39, 0, MATCH(Z2, $F$2:$AU$2, 0)), 0)), INDEX($A$3:$A$39, MATCH(1, INDEX($F$3:$AU$39, 0, MATCH(AA2&" AM", $F$2:$AU$2, 0)), 0))) -> PTE SUSHIL | AA43: =IFERROR(INDEX($A$3:$A$39, MATCH(1, INDEX($F$3:$AU$39, 0, MATCH(AA2, $F$2:$AU$2, 0)), 0)), INDEX($A$3:$A$39, MATCH(1, INDEX($F$3:$AU$39, 0, MATCH(AB2&" AM", $F$2:$AU$2, 0)), 0))) -> PTE RYAN | AB43: =IFERROR(INDEX($A$3:$A$39, MATCH(1, INDEX($F$3:$AU$39, 0, MATCH(AB2, $F$2:$AU$2, 0)), 0)), INDEX($A$3:$A$39, MATCH(1, INDEX($F$3:$AU$39, 0, MATCH(AC2&" AM", $F$2:$AU$2, 0)), 0))) -> PTE KRISHAN | AC43: =IFERROR(INDEX($A$3:$A$39, MATCH(1, INDEX($F$3:$AU$39, 0, MATCH(AC2, $F$2:$AU$2, 0)), 0)), INDEX($A$3:$A$39, MATCH(1, INDEX($F$3:$AU$39, 0, MATCH(AD2&" AM", $F$2:$AU$2, 0)), 0))) -> PTE CLARENCE | AD43: =IFERROR(INDEX($A$3:$A$39, MATCH(1, INDEX($F$3:$AU$39, 0, MATCH(AD2, $F$2:$AU$2, 0)), 0)), INDEX($A$3:$A$39, MATCH(1, INDEX($F$3:$AU$39, 0, MATCH(AD2&" AM", $F$2:$AU$2, 0)), 0))) -> PTE SYAFIQ | AE43: =IFERROR(INDEX($A$3:$A$39, MATCH(1, INDEX($F$3:$AU$39, 0, MATCH(AE2, $F$2:$AU$2, 0)), 0)), INDEX($A$3:$A$39, MATCH(1, INDEX($F$3:$AU$39, 0, MATCH(AE2&" AM", $F$2:$AU$2, 0)), 0))) -> REC RUI FENG | AF43: =IFERROR(INDEX($A$3:$A$39, MATCH(1, INDEX($F$3:$AU$39, 0, MATCH(AF2, $F$2:$AU$2, 0)), 0)), INDEX($A$3:$A$39, MATCH(1, INDEX($F$3:$AU$39, 0, MATCH(AF2&" AM", $F$2:$AU$2, 0)), 0))) -> LCP SURIA | AG43: =IFERROR(INDEX($A$3:$A$39, MATCH(1, INDEX($F$3:$AU$39, 0, MATCH(AG2, $F$2:$AU$2, 0)), 0)), INDEX($A$3:$A$39, MATCH(1, INDEX($F$3:$AU$39, 0, MATCH(AG2&" AM", $F$2:$AU$2, 0)), 0))) -> PTE PARAM | AH43: =IFERROR(INDEX($A$3:$A$39, MATCH(1, INDEX($F$3:$AU$39, 0, MATCH(AH2, $F$2:$AU$2, 0)), 0)), INDEX($A$3:$A$39, MATCH(1, INDEX($F$3:$AU$39, 0, MATCH(AH2&" AM", $F$2:$AU$2, 0)), 0))) -> PTE GABRIEL | AI43: =IFERROR(INDEX($A$3:$A$39, MATCH(1, INDEX($F$3:$AU$39, 0, MATCH(AI2, $F$2:$AU$2, 0)), 0)), INDEX($A$3:$A$39, MATCH(1, INDEX($F$3:$AU$39, 0, MATCH(AI2&" AM", $F$2:$AU$2, 0)), 0))) -> PTE KRISHAN | AJ43: =IFERROR(INDEX($A$3:$A$39, MATCH(1, INDEX($F$3:$AU$39, 0, MATCH(AJ2, $F$2:$AU$2, 0)), 0)), INDEX($A$3:$A$39, MATCH(1, INDEX($F$3:$AU$39, 0, MATCH(AJ2&" AM", $F$2:$AU$2, 0)), 0))) -> PTE RYAN | AK43: =IFERROR(INDEX($A$3:$A$39, MATCH(1, INDEX($F$3:$AU$39, 0, MATCH(AK2, $F$2:$AU$2, 0)), 0)), INDEX($A$3:$A$39, MATCH(1, INDEX($F$3:$AU$39, 0, MATCH(AK2&" AM", $F$2:$AU$2, 0)), 0))) -> REC ASH | ... AY43: =IFERROR(INDEX($A$3:$A$39, MATCH(1, INDEX($F$3:$AU$39, 0, MATCH(AY2, $F$2:$AU$2, 0)), 0)), INDEX($A$3:$A$39, MATCH(1, INDEX($F$3:$AU$39, 0, MATCH(AY2&" AM", $F$2:$AU$2, 0)), 0))) -> #N/A
E44: Reserve | F44: =INDEX($A$3:$A$39, MATCH("R", INDEX($F$3:$AU$39, 0, MATCH(F2, $F$2:$AU$2, 0)), 0)) -> PTE TRISTEN | G44: =INDEX($A$3:$A$39, MATCH("R", INDEX($F$3:$AU$39, 0, MATCH(G2, $F$2:$AU$2, 0)), 0)) -> PTE AFIF | H44: =INDEX($A$3:$A$39, MATCH("R", INDEX($F$3:$AU$39, 0, MATCH(H2, $F$2:$AU$2, 0)), 0)) -> LCP MITCHELL | I44: =INDEX($A$3:$A$39, MATCH("R", INDEX($F$3:$AU$39, 0, MATCH(I2, $F$2:$AU$2, 0)), 0)) -> PTE HARITH | J44: =INDEX($A$3:$A$39, MATCH("R", INDEX($F$3:$AU$39, 0, MATCH(J2, $F$2:$AU$2, 0)), 0)) -> #N/A | K44: =INDEX($A$3:$A$39, MATCH("R", INDEX($F$3:$AU$39, 0, MATCH(K2, $F$2:$AU$2, 0)), 0)) -> PTE BARATHAN | L44: =INDEX($A$3:$A$39, MATCH("R", INDEX($F$3:$AU$39, 0, MATCH(L2, $F$2:$AU$2, 0)), 0)) -> LCP ISAAC | M44: =INDEX($A$3:$A$39, MATCH("R", INDEX($F$3:$AU$39, 0, MATCH(M2, $F$2:$AU$2, 0)), 0)) -> CPL FIRMAN | ... AY44: =INDEX($A$3:$A$39, MATCH("R", INDEX($F$3:$AU$39, 0, MATCH(AY2, $F$2:$AU$2, 0)), 0)) -> #N/A
A45: Total Duties | C45: =COUNTA($F$1:$AR1) -> 39 | E45: Reserve 2 | F45: =INDEX($A$3:$A$39, MATCH("R2", INDEX($F$3:$AU$39, 0, MATCH(F2, $F$2:$AU$2, 0)), 0)) -> REC RUI FENG | G45: =INDEX($A$3:$A$39, MATCH("R2", INDEX($F$3:$AU$39, 0, MATCH(G2, $F$2:$AU$2, 0)), 0)) -> PTE KRISHAN | H45: =INDEX($A$3:$A$39, MATCH("R2", INDEX($F$3:$AU$39, 0, MATCH(H2, $F$2:$AU$2, 0)), 0)) -> PTE CLARENCE | I45: =INDEX($A$3:$A$39, MATCH("R2", INDEX($F$3:$AU$39, 0, MATCH(I2, $F$2:$AU$2, 0)), 0)) -> PTE BRYAN | J45: =INDEX($A$3:$A$39, MATCH("R2", INDEX($F$3:$AU$39, 0, MATCH(J2, $F$2:$AU$2, 0)), 0)) -> #N/A | K45: =INDEX($A$3:$A$39, MATCH("R2", INDEX($F$3:$AU$39, 0, MATCH(K2, $F$2:$AU$2, 0)), 0)) -> PTE HARITH | L45: =INDEX($A$3:$A$39, MATCH("R2", INDEX($F$3:$AU$39, 0, MATCH(L2, $F$2:$AU$2, 0)), 0)) -> #N/A | M45: =INDEX($A$3:$A$39, MATCH("R2", INDEX($F$3:$AU$39, 0, MATCH(M2, $F$2:$AU$2, 0)), 0)) -> PTE TRISTEN | ... AY45: =INDEX($A$3:$A$39, MATCH("R2", INDEX($F$3:$AU$39, 0, MATCH(AY2, $F$2:$AU$2, 0)), 0)) -> #N/A
A46: Total Personnel | C46: =SUBTOTAL(103, $A$3:$A$39) -> 26
A49: Excuse Stay in
A50: PA
A51: R&D
A52: RM
A53: PR
A54: MEDIA
A55: OPS RM
A56: TRG BR
A57: SBE
A58: TCRS 1
A59: TCRS 2
A60: TCRS 3

Sheet Julyy Master Duty Overview
A1: Duty Personnel Duty | B1: Total Points | C1: Duty Points | D1: Reserve Points | E1: Reserve Points 2 | F1: TUESDAY | G1: WEDNESDAY | H1: THURSDAY | I1: FRIDAY | J1: SATURDAY | K1: SATURDAY | L1: SUNDAY | M1: SUNDAY | N1: MONDAY | O1: TUESDAY | P1: WEDNESDAY | Q1: THURSDAY | R1: FRIDAY | S1: SATURDAY | T1: SATURDAY | U1: SUNDAY | V1: SUNDAY | W1: MONDAY | X1: TUESDAY | Y1: WEDNESDAY | Z1: THURSDAY | AA1: FRIDAY | AB1: SATURDAY | AC1: SATURDAY | AD1: SUNDAY | AE1: SUNDAY | AF1: MONDAY | AG1: TUESDAY | AH1: WEDNESDAY | AI1: THURSDAY | AJ1: FRIDAY | AK1: FRIDAY | AL1: SATURDAY | AM1: SATURDAY | AN1: SUNDAY | AO1: SUNDAY | AP1: MONDAY | AQ1: TUESDAY | AR1: WEDNESDAY | AS1: THURSDAY | AV1: SATURDAY | AW1: SUNDAY (AM) | AX1: SUNDAY (PM) | AY1: SUNDAY (AM) | AZ1: SUNDAY (PM)
F2: 45839 | G2: 45840 | H2: 45841 | I2: 45842 | J2: 5-7-25 (AM) | K2: 5-7-25 (PM) | L2: 6-7-25 (AM) | M2: 6-7-25 (PM) | N2: 45845 | O2: 45846 | P2: 45847 | Q2: 45848 | R2: 45849 | S2: 12-7-25 (AM) | T2: 12-7-25 (PM) | U2: 13-7-25 (AM) | V2: 13-7-25 (PM) | W2: 45852 | X2: 45853 | Y2: 45854 | Z2: 45855 | AA2: 45856 | AB2: 19-7-25 (AM) | AC2: 19-7-25 (PM) | AD2: 20-7-25 (AM) | AE2: 20-7-25 (PM) | AF2: 45859 | AG2: 45860 | AH2: 45861 | AI2: 45862 | AJ2: 25-7-25 (AM) | AK2: 25-7-25 (PM) | AL2: 26-7-25 (AM) | AM2: 26-7-25 (PM) | AN2: 27-725 (AM) | AO2: 27-725 (PM) | AP2: 45866 | AQ2: 45867 | AR2: 45868 | AS2: 45869 | AW2: 26-1-25 (AM) | AX2: 26-1-25 (PM) | AY2: 26-1-25 (AM) | AZ2: 26-1-25 (PM)
A3: LCP EZRA | B3: =SUM(C3:D3) -> 3 | C3: =SUM(F3:AV3) -> 1 | D3: {=SUM(IF(F3:AV3="R",1,0))} -> 2 | E3: {=SUM(IF(F3:AV3="R2",1,0))} -> 1 | J3: 1 | N3: r2 | AL3: r | AP3: r
A4: CPL FIRMAN | B4: =SUM(C4:D4) -> 2 | C4: =SUM(F4:AV4) -> 1 | D4: {=SUM(IF(F4:AV4="R",1,0))} -> 1 | E4: {=SUM(IF(F4:AV4="R2",1,0))} -> 0 | L4: 1 | AN4: r
A5: PTE AFIF | B5: =SUM(C5:D5) -> 3 | C5: =SUM(F5:AV5) -> 1 | D5: {=SUM(IF(F5:AV5="R",1,0))} -> 2 | E5: {=SUM(IF(F5:AV5="R2",1,0))} -> 2 | K5: r2 | Q5: 1 | T5: r | V5: r2 | AC5: r
A6: PTE JEREMIAH | B6: =SUM(C6:D6) -> 4 | C6: =SUM(F6:AV6) -> 2 | D6: {=SUM(IF(F6:AV6="R",1,0))} -> 2 | E6: {=SUM(IF(F6:AV6="R2",1,0))} -> 2 | I6: 1 | R6: 1 | AD6: r2 | AI6: r | AM6: r2 | AS6: r
A7: PTE KAI JIE | B7: =SUM(C7:D7) -> 4 | C7: =SUM(F7:AV7) -> 2 | D7: {=SUM(IF(F7:AV7="R",1,0))} -> 2 | E7: {=SUM(IF(F7:AV7="R2",1,0))} -> 2 | R7: R | X7: 1 | AF7: R2 | AK7: 1 | AP7: R2 | AR7: R
A8: REC RUI FENG | B8: =SUM(C8:D8) -> 1 | C8: =SUM(F8:AV8) -> 1 | D8: {=SUM(IF(G8:AV8="R",1,0))} -> 0 | E8: {=SUM(IF(F8:AV8="R2",1,0))} -> 1 | F8: 1 | AB8: R2
A9: PTE ANISH | C9: =SUM(F9:AV9) -> 2 | D9: {=SUM(IF(F9:AV9="R",1,0))} -> 2 | E9: {=SUM(IF(F9:AV9="R2",1,0))} -> 2 | G9: 1 | O9: 1 | X9: r | AG9: r | AQ9: r2 | AS9: r2
A10: LCP MITCHELL | B10: =SUM(C10:D10) -> 2 | C10: =SUM(F10:AV10) -> 1 | D10: {=SUM(IF(F10:AV10="R",1,0))} -> 1 | E10: {=SUM(IF(F10:AV10="R2",1,0))} -> 1 | R10: r2 | W10: r | AJ10: 1
A11: PTE DARRYL | C11: =SUM(F11:AV11) -> 2 | D11: {=SUM(IF(F11:AV11="R",1,0))} -> 2 | E11: {=SUM(IF(F11:AV11="R2",1,0))} -> 2 | P11: r2 | S11: r2 | Y11: r | AA11: r | AH11: 1 | AQ11: 1
A12: PTE INDRA | C12: =SUM(F12:AV12) -> 1 | D12: {=SUM(IF(F12:AV12="R",1,0))} -> 1 | E12: {=SUM(IF(F12:AV12="R2",1,0))} -> 1 | O12: r | Y12: r2 | AP12: 1
A13: CPL KRISHAN | C13: =SUM(F13:AV13) -> 1 | D13: {=SUM(IF(F13:AV13="R",1,0))} -> 2 | E13: {=SUM(IF(F13:AV13="R2",1,0))} -> 1 | W13: 1 | Z13: r | AE13: r | AH13: r2
A14: CPL MICHAEL | B14: =SUM(C14:D14) -> 0 | C14: =SUM(F14:AV14) -> 0 | D14: {=SUM(IF(F14:AV14="R",1,0))} -> 0 | E14: {=SUM(IF(F14:AV14="R2",1,0))} -> 0
A15: PTE CLARENCE | C15: =SUM(F15:AV15) -> 1 | D15: {=SUM(IF(F15:AV15="R",1,0))} -> 2 | E15: {=SUM(IF(F15:AV15="R2",1,0))} -> 2 | AA15: r2 | AC15: r2 | AF15: r | AM15: r | AR15: 1
A16: CPL AZHARI | B16: =SUM(C16:D16) -> 0 | C16: =SUM(F16:AV16) -> 0 | D16: {=SUM(IF(F16:AV16="R",1,0))} -> 0 | E16: {=SUM(IF(F16:AV16="R2",1,0))} -> 0
A17: REC ETHAN | C17: =SUM(F17:AV17) -> 0 | D17: {=SUM(IF(F17:AV17="R",1,0))} -> 0 | E17: {=SUM(IF(F17:AV17="R2",1,0))} -> 0
A18: PTE JEFF | B18: =SUM(C18:D18) -> 0 | C18: =SUM(F18:AV18) -> 0 | D18: {=SUM(IF(F18:AV18="R",1,0))} -> 0 | E18: {=SUM(IF(F18:AV18="R2",1,0))} -> 0
A19: PTE HARITH | B19: =SUM(C19:D19) -> 0 | C19: =SUM(F19:AV19) -> 0 | D19: {=SUM(IF(F19:AV19="R",1,0))} -> 0 | E19: {=SUM(IF(F19:AV19="R2",1,0))} -> 0
A20: PTE PARAM | B20: =SUM(C20:D20) -> 1 | C20: =SUM(F20:AV20) -> 1 | D20: {=SUM(IF(F20:AV20="R",1,0))} -> 0 | E20: {=SUM(IF(F20:AV20="R2",1,0))} -> 1 | AD20: 1 | AN20: r2
A21: PTE JASPER | C21: =SUM(F21:AV21) -> 0 | D21: {=SUM(IF(F21:AV21="R",1,0))} -> 0 | E21: {=SUM(IF(F21:AV21="R2",1,0))} -> 0
A22: PTE SYAFIQ | B22: =SUM(C22:D22) -> 4 | C22: =SUM(F22:AV22) -> 2 | D22: {=SUM(IF(F22:AV22="R",1,0))} -> 2 | E22: {=SUM(IF(F22:AV22="R2",1,0))} -> 2 | M22: r2 | P22: 1 | S22: r | U22: r | W22: r2 | Y22: 1
A23: PTE RYAN T | C23: =SUM(F23:AV23) -> 2 | D23: {=SUM(IF(F23:AV23="R",1,0))} -> 1 | E23: {=SUM(IF(F23:AV23="R2",1,0))} -> 1 | V23: R | AA23: 1 | AG23: 1 | AK23: R2
A24: LCP ISAAC | B24: =SUM(C24:D24) -> 3 | C24: =SUM(F24:AV24) -> 1 | D24: {=SUM(IF(F24:AV24="R",1,0))} -> 2 | E24: {=SUM(IF(F24:AV24="R2",1,0))} -> 2 | L24: r2 | N24: r | Q24: r | AI24: r2 | AS24: 1
A25: LCP SURIA | C25: =SUM(F25:AV25) -> 1 | D25: {=SUM(IF(F25:AV25="R",1,0))} -> 0 | E25: {=SUM(IF(F25:AV25="R2",1,0))} -> 1 | O25: r2 | AC25: 1
A26: LCP NICO | B26: =SUM(C26:D26) -> 3 | C26: =SUM(F26:AV26) -> 1 | D26: {=SUM(IF(F26:AV26="R",1,0))} -> 2 | E26: {=SUM(IF(F26:AV26="R2",1,0))} -> 2 | F26: r | I26: r | AE26: 1 | AJ26: r2 | AR26: r2
A27: LCP DYLAN | C27: =SUM(F27:AV27) -> 1 | D27: {=SUM(IF(F27:AV27="R",1,0))} -> 1 | E27: {=SUM(IF(F27:AV27="R2",1,0))} -> 2 | H27: 1 | AH27: r | AL27: r2 | AO27: r2
A28: LCP JERRYL | B28: =SUM(C28:D28) -> 3 | C28: =SUM(F28:AV28) -> 1 | D28: {=SUM(IF(F28:AV28="R",1,0))} -> 2 | E28: {=SUM(IF(F28:AV28="R2",1,0))} -> 2 | F28: r2 | H28: r | J28: r2 | M28: r | AM28: 1
A29: PTE RYAN | B29: =SUM(C29:D29) -> 4 | C29: =SUM(F29:AV29) -> 2 | D29: {=SUM(IF(F29:AV29="R",1,0))} -> 2 | E29: {=SUM(IF(F29:AV29="R2",1,0))} -> 2 | M29: 1 | Q29: r2 | V29: 1 | Z29: r2 | AD29: r | AO29: r
A30: PTE BRYAN | C30: =SUM(F30:AV30) -> 3 | D30: {=SUM(IF(F30:AV30="R",1,0))} -> 2 | E30: {=SUM(IF(F30:AV30="R2",1,0))} -> 0 | J30: r | L30: r | S30: 1 | AB30: 1 | AL30: 1
A31: PTE BARATHAN | B31: =SUM(B4:B37) -> #REF! | C31: =SUM(F31:AV31) -> 3 | D31: {=SUM(IF(F31:AV31="R",1,0))} -> 1 | E31: {=SUM(IF(F31:AV31="R2",1,0))} -> 1 | H31: r2 | K31: r | T31: 1 | AF31: 1 | AI31: 1
A32: REC ASH | B32: =SUM(F32:AT32) -> 1 | C32: =SUM(F32:AV32) -> 1 | D32: {=SUM(IF(F32:AV32="R",1,0))} -> 1 | E32: {=SUM(IF(F32:AV32="R2",1,0))} -> 1 | Z32: 1 | AG32: r2 | AQ32: r
A33: PTE GABRIEL | B33: =SUM(F33:AT33) -> 1 | C33: =SUM(F33:AV33) -> 1 | D33: {=SUM(IF(F33:AV33="R",1,0))} -> 1 | E33: {=SUM(IF(F33:AV33="R2",1,0))} -> 2 | K33: 1 | P33: R | T33: r2 | AE33: r2
A34: CPL JIREH | C34: =SUM(F34:AV34) -> 0 | D34: {=SUM(IF(F34:AV34="R",1,0))} -> 0 | E34: {=SUM(IF(F34:AV34="R2",1,0))} -> 0
A35: PTE NATHAN | C35: =SUM(F35:AV35) -> 1 | D35: {=SUM(IF(F35:AV35="R",1,0))} -> 2 | E35: {=SUM(IF(G35:AW35="R2",1,0))} -> 2 | G35: r | N35: 1 | U35: r2 | X35: r2 | AK35: R
A36: PTE SUSHIL | C36: =SUM(F36:AV36) -> 1 | D36: {=SUM(IF(F36:AV36="R",1,0))} -> 0 | E36: {=SUM(IF(G36:AW36="R2",1,0))} -> 2 | G36: r2 | I36: r2 | AO36: 1
A37: PTE REUVEN | B37: =SUM(C37:D37) -> 0 | C37: =SUM(F37:AV37) -> 0 | D37: {=SUM(IF(F37:AV37="R",1,0))} -> 0 | E37: {=SUM(IF(F37:AV37="R2",1,0))} -> 0
A38: PTE HILAL | C38: =SUM(F38:AV38) -> 2 | D38: {=SUM(IF(F38:AV38="R",1,0))} -> 2 | E38: {=SUM(IF(F38:AV38="R2",1,0))} -> 0 | U38: 1 | AB38: R | AJ38: R | AN38: 1
A39: Total | C39: =SUM(F39:AV39) -> 40 | F39: =SUM(F3:F38) -> 1 | G39: =SUM(G3:G38) -> 1 | H39: =SUM(H3:H38) -> 1 | I39: =SUM(I3:I38) -> 1 | J39: =SUM(J3:J38) -> 1 | K39: =SUM(K3:K38) -> 1 | L39: =SUM(L3:L38) -> 1 | M39: =SUM(M3:M38) -> 1 | ... AZ39: =SUM(AZ3:AZ38) -> 0
A40: Reserve 1 | C40: =SUM(F40:AV40) -> 40 | F40: {=SUM(IF(F3:F38="R",1,0))} -> 1 | G40: {=SUM(IF(G3:G38="R",1,0))} -> 1 | H40: {=SUM(IF(H3:H38="R",1,0))} -> 1 | I40: {=SUM(IF(I3:I38="R",1,0))} -> 1 | J40: {=SUM(IF(J3:J38="R",1,0))} -> 1 | K40: {=SUM(IF(K3:K38="R",1,0))} -> 1 | L40: {=SUM(IF(L3:L38="R",1,0))} -> 1 | M40: {=SUM(IF(M3:M38="R",1,0))} -> 1 | ... AZ40: {=SUM(IF(AZ3:AZ38="R",1,0))} -> 0
A41: Reserve 2 | C41: =SUM(F41:AV41) -> 40 | F41: {=SUM(IF(F3:F38="R2",1,0))} -> 1 | G41: {=SUM(IF(G3:G38="R2",1,0))} -> 1 | H41: {=SUM(IF(H3:H38="R2",1,0))} -> 1 | I41: {=SUM(IF(I3:I38="R2",1,0))} -> 1 | J41: {=SUM(IF(J3:J38="R2",1,0))} -> 1 | K41: {=SUM(IF(K3:K38="R2",1,0))} -> 1 | L41: {=SUM(IF(L3:L38="R2",1,0))} -> 1 | M41: {=SUM(IF(M3:M38="R2",1,0))} -> 1 | ... AZ41: {=SUM(IF(AZ3:AZ38="R2",1,0))} -> 0
E42: Duty Clerk | F42: =IFERROR(INDEX($A$3:$A$38, MATCH(1, INDEX($F$3:$AV$38, 0, MATCH(F2, $F$2:$AV$2, 0)), 0)), INDEX($A$3:$A$38, MATCH(1, INDEX($F$3:$AV$38, 0, MATCH(F2&" AM", $F$2:$AV$2, 0)), 0))) -> REC RUI FENG | G42: =IFERROR(INDEX($A$3:$A$38, MATCH(1, INDEX($F$3:$AV$38, 0, MATCH(G2, $F$2:$AV$2, 0)), 0)), INDEX($A$3:$A$38, MATCH(1, INDEX($F$3:$AV$38, 0, MATCH(G2&" AM", $F$2:$AV$2, 0)), 0))) -> PTE ANISH | H42: =IFERROR(INDEX($A$3:$A$38, MATCH(1, INDEX($F$3:$AV$38, 0, MATCH(H2, $F$2:$AV$2, 0)), 0)), INDEX($A$3:$A$38, MATCH(1, INDEX($F$3:$AV$38, 0, MATCH(H2&" AM", $F$2:$AV$2, 0)), 0))) -> LCP DYLAN | I42: =IFERROR(INDEX($A$3:$A$38, MATCH(1, INDEX($F$3:$AV$38, 0, MATCH(I2, $F$2:$AV$2, 0)), 0)), INDEX($A$3:$A$38, MATCH(1, INDEX($F$3:$AV$38, 0, MATCH(I2&" AM", $F$2:$AV$2, 0)), 0))) -> PTE JEREMIAH | J42: =IFERROR(INDEX($A$3:$A$38, MATCH(1, INDEX($F$3:$AV$38, 0, MATCH(J2, $F$2:$AV$2, 0)), 0)), INDEX($A$3:$A$38, MATCH(1, INDEX($F$3:$AV$38, 0, MATCH(J2&" AM", $F$2:$AV$2, 0)), 0))) -> LCP EZRA | K42: =IFERROR(INDEX($A$3:$A$38, MATCH(1, INDEX($F$3:$AV$38, 0, MATCH(K2, $F$2:$AV$2, 0)), 0)), INDEX($A$3:$A$38, MATCH(1, INDEX($F$3:$AV$38, 0, MATCH(K2&" AM", $F$2:$AV$2, 0)), 0))) -> PTE GABRIEL | L42: =IFERROR(INDEX($A$3:$A$38, MATCH(1, INDEX($F$3:$AV$38, 0, MATCH(L2, $F$2:$AV$2, 0)), 0)), INDEX($A$3:$A$38, MATCH(1, INDEX($F$3:$AV$38, 0, MATCH(L2&" AM", $F$2:$AV$2, 0)), 0))) -> CPL FIRMAN | M42: =IFERROR(INDEX($A$3:$A$38, MATCH(1, INDEX($F$3:$AV$38, 0, MATCH(M2, $F$2:$AV$2, 0)), 0)), INDEX($A$3:$A$38, MATCH(1, INDEX($F$3:$AV$38, 0, MATCH(M2&" AM", $F$2:$AV$2, 0)), 0))) -> PTE RYAN | ... V42: =IFERROR(INDEX($A$3:$A$38, MATCH(1, INDEX($F$3:$AV$38, 0, MATCH(V2, $F$2:$AV$2, 0)), 0)), INDEX($A$3:$A$38, MATCH(1, INDEX($F$3:$AV$38, 0, MATCH(V2&" AM", $F$2:$AV$2, 0)), 0))) -> PTE RYAN | W42: =IFERROR(INDEX($A$3:$A$38, MATCH(1, INDEX($F$3:$AV$38, 0, MATCH(W2, $F$2:$AV$2, 0)), 0)), INDEX($A$3:$A$38, MATCH(1, INDEX($F$3:$AV$38, 0, MATCH(X2&" AM", $F$2:$AV$2, 0)), 0))) -> CPL KRISHAN | X42: =IFERROR(INDEX($A$3:$A$38, MATCH(1, INDEX($F$3:$AV$38, 0, MATCH(X2, $F$2:$AV$2, 0)), 0)), INDEX($A$3:$A$38, MATCH(1, INDEX($F$3:$AV$38, 0, MATCH(Y2&" AM", $F$2:$AV$2, 0)), 0))) -> PTE KAI JIE | Y42: =IFERROR(INDEX($A$3:$A$38, MATCH(1, INDEX($F$3:$AV$38, 0, MATCH(Y2, $F$2:$AV$2, 0)), 0)), INDEX($A$3:$A$38, MATCH(1, INDEX($F$3:$AV$38, 0, MATCH(Z2&" AM", $F$2:$AV$2, 0)), 0))) -> PTE SYAFIQ | Z42: =IFERROR(INDEX($A$3:$A$38, MATCH(1, INDEX($F$3:$AV$38, 0, MATCH(Z2, $F$2:$AV$2, 0)), 0)), INDEX($A$3:$A$38, MATCH(1, INDEX($F$3:$AV$38, 0, MATCH(AA2&" AM", $F$2:$AV$2, 0)), 0))) -> REC ASH | AA42: =IFERROR(INDEX($A$3:$A$38, MATCH(1, INDEX($F$3:$AV$38, 0, MATCH(AA2, $F$2:$AV$2, 0)), 0)), INDEX($A$3:$A$38, MATCH(1, INDEX($F$3:$AV$38, 0, MATCH(AB2&" AM", $F$2:$AV$2, 0)), 0))) -> PTE RYAN T | AB42: =IFERROR(INDEX($A$3:$A$38, MATCH(1, INDEX($F$3:$AV$38, 0, MATCH(AB2, $F$2:$AV$2, 0)), 0)), INDEX($A$3:$A$38, MATCH(1, INDEX($F$3:$AV$38, 0, MATCH(AC2&" AM", $F$2:$AV$2, 0)), 0))) -> PTE BRYAN | AC42: =IFERROR(INDEX($A$3:$A$38, MATCH(1, INDEX($F$3:$AV$38, 0, MATCH(AC2, $F$2:$AV$2, 0)), 0)), INDEX($A$3:$A$38, MATCH(1, INDEX($F$3:$AV$38, 0, MATCH(AD2&" AM", $F$2:$AV$2, 0)), 0))) -> LCP SURIA | AD42: =IFERROR(INDEX($A$3:$A$38, MATCH(1, INDEX($F$3:$AV$38, 0, MATCH(AD2, $F$2:$AV$2, 0)), 0)), INDEX($A$3:$A$38, MATCH(1, INDEX($F$3:$AV$38, 0, MATCH(AD2&" AM", $F$2:$AV$2, 0)), 0))) -> PTE PARAM | AE42: =IFERROR(INDEX($A$3:$A$38, MATCH(1, INDEX($F$3:$AV$38, 0, MATCH(AE2, $F$2:$AV$2, 0)), 0)), INDEX($A$3:$A$38, MATCH(1, INDEX($F$3:$AV$38, 0, MATCH(AE2&" AM", $F$2:$AV$2, 0)), 0))) -> LCP NICO | AF42: =IFERROR(INDEX($A$3:$A$38, MATCH(1, INDEX($F$3:$AV$38, 0, MATCH(AF2, $F$2:$AV$2, 0)), 0)), INDEX($A$3:$A$38, MATCH(1, INDEX($F$3:$AV$38, 0, MATCH(AF2&" AM", $F$2:$AV$2, 0)), 0))) -> PTE BARATHAN | AG42: =IFERROR(INDEX($A$3:$A$38, MATCH(1, INDEX($F$3:$AV$38, 0, MATCH(AG2, $F$2:$AV$2, 0)), 0)), INDEX($A$3:$A$38, MATCH(1, INDEX($F$3:$AV$38, 0, MATCH(AG2&" AM", $F$2:$AV$2, 0)), 0))) -> PTE RYAN T | AH42: =IFERROR(INDEX($A$3:$A$38, MATCH(1, INDEX($F$3:$AV$38, 0, MATCH(AH2, $F$2:$AV$2, 0)), 0)), INDEX($A$3:$A$38, MATCH(1, INDEX($F$3:$AV$38, 0, MATCH(AH2&" AM", $F$2:$AV$2, 0)), 0))) -> PTE DARRYL | AI42: =IFERROR(INDEX($A$3:$A$38, MATCH(1, INDEX($F$3:$AV$38, 0, MATCH(AI2, $F$2:$AV$2, 0)), 0)), INDEX($A$3:$A$38, MATCH(1, INDEX($F$3:$AV$38, 0, MATCH(AI2&" AM", $F$2:$AV$2, 0)), 0))) -> PTE BARATHAN | AJ42: =IFERROR(INDEX($A$3:$A$38, MATCH(1, INDEX($F$3:$AV$38, 0, MATCH(AJ2, $F$2:$AV$2, 0)), 0)), INDEX($A$3:$A$38, MATCH(1, INDEX($F$3:$AV$38, 0, MATCH(AJ2&" AM", $F$2:$AV$2, 0)), 0))) -> LCP MITCHELL | AK42: =IFERROR(INDEX($A$3:$A$38, MATCH(1, INDEX($F$3:$AV$38, 0, MATCH(AK2, $F$2:$AV$2, 0)), 0)), INDEX($A$3:$A$38, MATCH(1, INDEX($F$3:$AV$38, 0, MATCH(AK2&" AM", $F$2:$AV$2, 0)), 0))) -> PTE KAI JIE | ... AZ42: =IFERROR(INDEX($A$3:$A$38, MATCH(1, INDEX($F$3:$AV$38, 0, MATCH(AZ2, $F$2:$AV$2, 0)), 0)), INDEX($A$3:$A$38, MATCH(1, INDEX($F$3:$AV$38, 0, MATCH(AZ2&" AM", $F$2:$AV$2, 0)), 0))) -> #N/A
E43: Reserve | F43: =INDEX($A$3:$A$38, MATCH("R", INDEX($F$3:$AV$38, 0, MATCH(F2, $F$2:$AV$2, 0)), 0)) -> LCP NICO | G43: =INDEX($A$3:$A$38, MATCH("R", INDEX($F$3:$AV$38, 0, MATCH(G2, $F$2:$AV$2, 0)), 0)) -> PTE NATHAN | H43: =INDEX($A$3:$A$38, MATCH("R", INDEX($F$3:$AV$38, 0, MATCH(H2, $F$2:$AV$2, 0)), 0)) -> LCP JERRYL | I43: =INDEX($A$3:$A$38, MATCH("R", INDEX($F$3:$AV$38, 0, MATCH(I2, $F$2:$AV$2, 0)), 0)) -> LCP NICO | J43: =INDEX($A$3:$A$38, MATCH("R", INDEX($F$3:$AV$38, 0, MATCH(J2, $F$2:$AV$2, 0)), 0)) -> PTE BRYAN | K43: =INDEX($A$3:$A$38, MATCH("R", INDEX($F$3:$AV$38, 0, MATCH(K2, $F$2:$AV$2, 0)), 0)) -> PTE BARATHAN | L43: =INDEX($A$3:$A$38, MATCH("R", INDEX($F$3:$AV$38, 0, MATCH(L2, $F$2:$AV$2, 0)), 0)) -> PTE BRYAN | M43: =INDEX($A$3:$A$38, MATCH("R", INDEX($F$3:$AV$38, 0, MATCH(M2, $F$2:$AV$2, 0)), 0)) -> LCP JERRYL | ... AZ43: =INDEX($A$3:$A$38, MATCH("R", INDEX($F$3:$AV$38, 0, MATCH(AZ2, $F$2:$AV$2, 0)), 0)) -> #N/A
A44: Total Duties | C44: =COUNTA($F$1:$AS1) -> 40 | E44: Reserve 2 | F44: =INDEX($A$3:$A$38, MATCH("R2", INDEX($F$3:$AV$38, 0, MATCH(F2, $F$2:$AV$2, 0)), 0)) -> LCP JERRYL | G44: =INDEX($A$3:$A$38, MATCH("R2", INDEX($F$3:$AV$38, 0, MATCH(G2, $F$2:$AV$2, 0)), 0)) -> PTE SUSHIL | H44: =INDEX($A$3:$A$38, MATCH("R2", INDEX($F$3:$AV$38, 0, MATCH(H2, $F$2:$AV$2, 0)), 0)) -> PTE BARATHAN | I44: =INDEX($A$3:$A$38, MATCH("R2", INDEX($F$3:$AV$38, 0, MATCH(I2, $F$2:$AV$2, 0)), 0)) -> PTE SUSHIL | J44: =INDEX($A$3:$A$38, MATCH("R2", INDEX($F$3:$AV$38, 0, MATCH(J2, $F$2:$AV$2, 0)), 0)) -> LCP JERRYL | K44: =INDEX($A$3:$A$38, MATCH("R2", INDEX($F$3:$AV$38, 0, MATCH(K2, $F$2:$AV$2, 0)), 0)) -> PTE AFIF | L44: =INDEX($A$3:$A$38, MATCH("R2", INDEX($F$3:$AV$38, 0, MATCH(L2, $F$2:$AV$2, 0)), 0)) -> LCP ISAAC | M44: =INDEX($A$3:$A$38, MATCH("R2", INDEX($F$3:$AV$38, 0, MATCH(M2, $F$2:$AV$2, 0)), 0)) -> PTE SYAFIQ | ... AZ44: =INDEX($A$3:$A$38, MATCH("R2", INDEX($F$3:$AV$38, 0, MATCH(AZ2, $F$2:$AV$2, 0)), 0)) -> #N/A
A45: Total Personnel | C45: =SUBTOTAL(103, $A$3:$A$38) -> 30
A48: Excuse Stay in
A49: PA
A50: R&D
A51: RM
A52: PR
A53: MEDIA
A54: OPS RM
A55: TRG BR
A56: SBE
A57: TCRS 1
A58: TCRS 2
A59: TCRS 3

Sheet Augustt Master Duty Overview
B1: Total Points | C1: Duty Points | D1: Reserve Points | E1: Reserve Points 2 | F1: Friday | G1: Saturday | H1: Saturday | I1: Sunday | J1: Sunday | K1: Monday | L1: Tuesday | M1: Wednesday | N1: Thursday | O1: Friday | P1: Saturday | Q1: Saturday | R1: Sunday | S1: Sunday | T1: Monday | U1: Tuesday | V1: Wednesday | W1: Thursday | X1: Friday | Y1: Saturday | Z1: Saturday | AA1: Sunday | AB1: Sunday | AC1: Monday | AD1: Tuesday | AE1: Wednesday | AF1: Thursday | AG1: Friday | AH1: Saturday | AI1: Saturday | AJ1: Sunday | AK1: Sunday | AL1: Monday | AM1: Tuesday | AN1: Wednesday | AO1: Thursday | AP1: Friday | AQ1: Saturday | AR1: Saturday | AS1: Sunday | AT1: Sunday | AW1: SATURDAY | AX1: SUNDAY (AM) | AY1: SUNDAY (PM) | AZ1: SUNDAY (AM) | BA1: SUNDAY (PM)
F2: 45870 | G2: 2-8-25 (AM) | H2: 2-8-25 (PM) | I2: 3-8-25 (AM) | J2: 3-8-25 (PM) | K2: 45873 | L2: 45874 | M2: 45875 | N2: 45876 | O2: 45877 | P2: 9-8-25 (AM) | Q2: 9-8-25 (PM) | R2: 10-8-25 (AM) | S2: 10-8-25 (PM) | T2: 45880 | U2: 45881 | V2: 45882 | W2: 45883 | X2: 45884 | Y2: 16-8-25 (AM) | Z2: 16-8-25 (PM) | AA2: 17-8-25 (AM) | AB2: 17-8-25 (PM) | AC2: 45887 | AD2: 45888 | AE2: 45889 | AF2: 45890 | AG2: 45891 | AH2: 23-8-25 (AM) | AI2: 23-8-25 (PM) | AJ2: 24-8-25 (AM) | AK2: 24-8-25 (PM) | AL2: 45894 | AM2: 45895 | AN2: 45896 | AO2: 45897 | AP2: 45898 | AQ2: 30-8-25 (AM) | AR2: 30-8-25 (PM) | AS2: 31-8-25 (AM) | AT2: 31-8-25 (PM) | AX2: 26-1-25 (AM) | AY2: 26-1-25 (PM) | AZ2: 26-1-25 (AM) | BA2: 26-1-25 (PM)
A3: LCP EZRA | B3: =SUM(C3:D3) -> 3 | C3: =SUM(F3:AW3) -> 2 | D3: {=SUM(IF(F3:AW3="R",1,0))} -> 1 | E3: {=SUM(IF(F3:AW3="R2",1,0))} -> 1 | G3: r2 | P3: 1 | AH3: 1 | AK3: r
A4: CPL FIRMAN | B4: =SUM(C4:D4) -> 3 | C4: =SUM(F4:AW4) -> 2 | D4: {=SUM(IF(F4:AW4="R",1,0))} -> 1 | E4: {=SUM(IF(F4:AW4="R2",1,0))} -> 1 | G4: 1 | O4: r | Z4: r2 | AT4: 1
A5: PTE AFIF | B5: =SUM(C5:D5) -> 2 | C5: =SUM(F5:AW5) -> 1 | D5: {=SUM(IF(F5:AW5="R",1,0))} -> 1 | E5: {=SUM(IF(F5:AW5="R2",1,0))} -> 1 | AL5: 1 | AN5: r2 | AS5: r
A6: PTE JEREMIAH | B6: =SUM(C6:D6) -> 2 | C6: =SUM(F6:AW6) -> 0 | D6: {=SUM(IF(F6:AW6="R",1,0))} -> 2 | E6: {=SUM(IF(F6:AW6="R2",1,0))} -> 2 | L6: r2 | N6: r | AB6: r2 | AC6: r
A7: PTE KAI JIE | B7: =SUM(C7:D7) -> 3 | C7: =SUM(F7:AW7) -> 1 | D7: {=SUM(IF(F7:AW7="R",1,0))} -> 2 | E7: {=SUM(IF(F7:AW7="R2",1,0))} -> 1 | L7: r | W7: r2 | AD7: r | AO7: 1
A8: PTE JULLION | B8: =SUM(C8:D8) -> 0 | C8: =SUM(F8:AW8) -> 0 | D8: {=SUM(IF(G8:AW8="R",1,0))} -> 0 | E8: {=SUM(IF(F8:AW8="R2",1,0))} -> 0
A9: PTE ANISH | C9: =SUM(F9:AW9) -> 2 | D9: {=SUM(IF(F9:AW9="R",1,0))} -> 2 | E9: {=SUM(IF(F9:AW9="R2",1,0))} -> 2 | N9: 1 | S9: r | X9: r | AD9: r2 | AF9: 1 | AL9: r2
A10: LCP MITCHELL | B10: =SUM(C10:D10) -> 1 | C10: =SUM(F10:AW10) -> 0 | D10: {=SUM(IF(F10:AW10="R",1,0))} -> 1 | E10: {=SUM(IF(F10:AW10="R2",1,0))} -> 1 | J10: r | AJ10: r2
A11: PTE DARRYL | C11: =SUM(F11:AW11) -> 2 | D11: {=SUM(IF(F11:AW11="R",1,0))} -> 2 | E11: {=SUM(IF(F11:AW11="R2",1,0))} -> 2 | K11: 1 | M11: r | T11: 1 | W11: r | AA11: r2 | AC11: r2
A12: PTE INDRA | C12: =SUM(F12:AW12) -> 0 | D12: {=SUM(IF(F12:AW12="R",1,0))} -> 0 | E12: {=SUM(IF(F12:AW12="R2",1,0))} -> 0
A13: CPL KRISHAN | C13: =SUM(F13:AW13) -> 0 | D13: {=SUM(IF(F13:AW13="R",1,0))} -> 0 | E13: {=SUM(IF(F13:AW13="R2",1,0))} -> 0
A14: CPL MICHAEL | B14: =SUM(C14:D14) -> 0 | C14: =SUM(F14:AW14) -> 0 | D14: {=SUM(IF(F14:AW14="R",1,0))} -> 0 | E14: {=SUM(IF(F14:AW14="R2",1,0))} -> 0
A15: PTE CLARENCE | C15: =SUM(F15:AW15) -> 1 | D15: {=SUM(IF(F15:AW15="R",1,0))} -> 0 | E15: {=SUM(IF(F15:AW15="R2",1,0))} -> 1 | I15: r2 | M15: 1
A16: CPL AZHARI | B16: =SUM(C16:D16) -> 0 | C16: =SUM(F16:AW16) -> 0 | D16: {=SUM(IF(F16:AW16="R",1,0))} -> 0 | E16: {=SUM(IF(F16:AW16="R2",1,0))} -> 0
A17: REC ETHAN | C17: =SUM(F17:AW17) -> 0 | D17: {=SUM(IF(F17:AW17="R",1,0))} -> 0 | E17: {=SUM(IF(F17:AW17="R2",1,0))} -> 0
A18: PTE JEFF | B18: =SUM(C18:D18) -> 0 | C18: =SUM(F18:AW18) -> 0 | D18: {=SUM(IF(F18:AW18="R",1,0))} -> 0 | E18: {=SUM(IF(F18:AW18="R2",1,0))} -> 0
A19: PTE HARITH | B19: =SUM(C19:D19) -> 0 | C19: =SUM(F19:AW19) -> 0 | D19: {=SUM(IF(F19:AW19="R",1,0))} -> 0 | E19: {=SUM(IF(F19:AW19="R2",1,0))} -> 0
A20: PTE PARAM | B20: =SUM(C20:D20) -> 3 | C20: =SUM(F20:AW20) -> 1 | D20: {=SUM(IF(F20:AW20="R",1,0))} -> 2 | E20: {=SUM(IF(F20:AW20="R2",1,0))} -> 2 | P20: R | Y20: R2 | AH20: R | AJ20: 1 | AQ20: r2
A21: PTE JASPER | C21: =SUM(F21:AW21) -> 0 | D21: {=SUM(IF(F21:AW21="R",1,0))} -> 0 | E21: {=SUM(IF(F21:AW21="R2",1,0))} -> 0
A22: PTE SYAFIQ | B22: =SUM(C22:D22) -> 0 | C22: =SUM(F22:AW22) -> 0 | D22: {=SUM(IF(F22:AW22="R",1,0))} -> 0 | E22: {=SUM(IF(F22:AW22="R2",1,0))} -> 0
A23: PTE RYAN T | C23: =SUM(F23:AW23) -> 1 | D23: {=SUM(IF(F23:AW23="R",1,0))} -> 2 | E23: {=SUM(IF(F23:AW23="R2",1,0))} -> 2 | U23: r | AH23: r2 | AK23: r2 | AN23: 1 | AP23: r
A24: LCP ISAAC | B24: =SUM(C24:D24) -> 3 | C24: =SUM(F24:AW24) -> 1 | D24: {=SUM(IF(F24:AW24="R",1,0))} -> 2 | E24: {=SUM(IF(F24:AW24="R2",1,0))} -> 2 | J24: 1 | Q24: r | T24: r2 | X24: r2 | AB24: r
A25: PTE SIDD | C25: =SUM(F25:AW25) -> 2 | D25: {=SUM(IF(F25:AW25="R",1,0))} -> 1 | E25: {=SUM(IF(F25:AW25="R2",1,0))} -> 2 | K25: r | O25: 1 | V25: r2 | X25: 1 | AE25: r2
A26: CPL SURIA | C26: =SUM(F26:AW26) -> 1 | D26: {=SUM(IF(F26:AW26="R",1,0))} -> 2 | E26: {=SUM(IF(F26:AW26="R2",1,0))} -> 2 | H26: r2 | K26: r2 | Z26: 1 | AI26: r | AR26: r
A27: LCP NICO | B27: =SUM(C27:D27) -> 4 | C27: =SUM(F27:AW27) -> 2 | D27: {=SUM(IF(F27:AW27="R",1,0))} -> 2 | E27: {=SUM(IF(F27:AW27="R2",1,0))} -> 2 | F27: 1 | H27: r | M27: r2 | Q27: r2 | S27: 1 | Z27: r
A28: LCP DYLAN | C28: =SUM(F28:AW28) -> 2 | D28: {=SUM(IF(F28:AW28="R",1,0))} -> 2 | E28: {=SUM(IF(F28:AW28="R2",1,0))} -> 2 | T28: r | W28: 1 | AC28: 1 | AF28: r2 | AL28: r | AS28: r2
A29: LCP JERRYL | B29: =SUM(C29:D29) -> 4 | C29: =SUM(F29:AW29) -> 2 | D29: {=SUM(IF(F29:AW29="R",1,0))} -> 2 | E29: {=SUM(IF(F29:AW29="R2",1,0))} -> 2 | F29: r | H29: 1 | O29: r2 | S29: r2 | V29: r | AB29: 1
A30: CPL RYAN | B30: =SUM(C30:D30) -> 3 | C30: =SUM(F30:AW30) -> 1 | D30: {=SUM(IF(F30:AW30="R",1,0))} -> 2 | E30: {=SUM(IF(F30:AW30="R2",1,0))} -> 2 | V30: 1 | AE30: r | AG30: r2 | AN30: r | AP30: r2
A31: PTE BRYAN | C31: =SUM(F31:AW31) -> 3 | D31: {=SUM(IF(F31:AW31="R",1,0))} -> 2 | E31: {=SUM(IF(F31:AW31="R2",1,0))} -> 2 | Y31: R | AA31: R | AI31: 1 | AK31: 1 | AP31: 1 | AR31: R2 | AT31: R2
A32: PTE BARATHAN | B32: =SUM(B4:B37) -> #REF! | C32: =SUM(F32:AW32) -> 2 | D32: {=SUM(IF(F32:AW32="R",1,0))} -> 1 | E32: {=SUM(IF(F32:AW32="R2",1,0))} -> 0 | L32: 1 | U32: 1 | AM32: r
A33: REC ASH | B33: =SUM(F33:AU33) -> 2 | C33: =SUM(F33:AW33) -> 2 | D33: {=SUM(IF(F33:AW33="R",1,0))} -> 2 | E33: {=SUM(IF(F33:AW33="R2",1,0))} -> 2 | F33: r2 | N33: r2 | AD33: 1 | AF33: r | AM33: 1 | AO33: r
A34: PTE HARRY | B34: =SUM(F34:AU34) -> 2 | C34: =SUM(F34:AW34) -> 2 | D34: {=SUM(IF(F34:AW34="R",1,0))} -> 2 | E34: {=SUM(IF(F34:AW34="R2",1,0))} -> 2 | Q34: 1 | AG34: 1 | AJ34: r | AM34: r2 | AO34: r2 | AQ34: r
A35: PTE NATHAN | C35: =SUM(F35:AW35) -> 2 | D35: {=SUM(IF(F35:AW35="R",1,0))} -> 2 | E35: {=SUM(IF(G35:AX35="R2",1,0))} -> 2 | J35: r2 | R35: r | U35: r2 | AE35: 1 | AG35: r | AR35: 1
A36: PTE SUSHIL | C36: =SUM(F36:AW36) -> 2 | D36: {=SUM(IF(F36:AW36="R",1,0))} -> 1 | E36: {=SUM(IF(G36:AX36="R2",1,0))} -> 1 | I36: 1 | R36: 1 | AI36: r2 | AT36: r
A37: PTE REUVEN | B37: =SUM(C37:D37) -> 0 | C37: =SUM(F37:AW37) -> 0 | D37: {=SUM(IF(F37:AW37="R",1,0))} -> 0 | E37: {=SUM(IF(F37:AW37="R2",1,0))} -> 0
A38: PTE HILAL | C38: =SUM(F38:AW38) -> 4 | D38: {=SUM(IF(F38:AW38="R",1,0))} -> 2 | E38: {=SUM(IF(F38:AW38="R2",1,0))} -> 2 | G38: R | I38: R | P38: R2 | R38: r2 | Y38: 1 | AA38: 1 | AQ38: 1 | AS38: 1
A39: Total | C39: =SUM(F39:AW39) -> 41 | F39: =SUM(F3:F38) -> 1 | G39: =SUM(G3:G38) -> 1 | H39: =SUM(H3:H38) -> 1 | I39: =SUM(I3:I38) -> 1 | J39: =SUM(J3:J38) -> 1 | K39: =SUM(K3:K38) -> 1 | L39: =SUM(L3:L38) -> 1 | M39: =SUM(M3:M38) -> 1 | ... BA39: =SUM(BA3:BA38) -> 0
A40: Reserve 1 | C40: =SUM(F40:AW40) -> 41 | F40: {=SUM(IF(F3:F38="R",1,0))} -> 1 | G40: {=SUM(IF(G3:G38="R",1,0))} -> 1 | H40: {=SUM(IF(H3:H38="R",1,0))} -> 1 | I40: {=SUM(IF(I3:I38="R",1,0))} -> 1 | J40: {=SUM(IF(J3:J38="R",1,0))} -> 1 | K40: {=SUM(IF(K3:K38="R",1,0))} -> 1 | L40: {=SUM(IF(L3:L38="R",1,0))} -> 1 | M40: {=SUM(IF(M3:M38="R",1,0))} -> 1 | ... BA40: {=SUM(IF(BA3:BA38="R",1,0))} -> 0
A41: Reserve 2 | C41: =SUM(F41:AW41) -> 41 | F41: {=SUM(IF(F3:F38="R2",1,0))} -> 1 | G41: {=SUM(IF(G3:G38="R2",1,0))} -> 1 | H41: {=SUM(IF(H3:H38="R2",1,0))} -> 1 | I41: {=SUM(IF(I3:I38="R2",1,0))} -> 1 | J41: {=SUM(IF(J3:J38="R2",1,0))} -> 1 | K41: {=SUM(IF(K3:K38="R2",1,0))} -> 1 | L41: {=SUM(IF(L3:L38="R2",1,0))} -> 1 | M41: {=SUM(IF(M3:M38="R2",1,0))} -> 1 | ... BA41: {=SUM(IF(BA3:BA38="R2",1,0))} -> 0
E42: Duty Clerk | F42: =IFERROR(INDEX($A$3:$A$38, MATCH(1, INDEX($F$3:$AW$38, 0, MATCH(F2, $F$2:$AW$2, 0)), 0)), INDEX($A$3:$A$38, MATCH(1, INDEX($F$3:$AW$38, 0, MATCH(F2&" AM", $F$2:$AW$2, 0)), 0))) -> LCP NICO | G42: =IFERROR(INDEX($A$3:$A$38, MATCH(1, INDEX($F$3:$AW$38, 0, MATCH(G2, $F$2:$AW$2, 0)), 0)), INDEX($A$3:$A$38, MATCH(1, INDEX($F$3:$AW$38, 0, MATCH(G2&" AM", $F$2:$AW$2, 0)), 0))) -> CPL FIRMAN | H42: =IFERROR(INDEX($A$3:$A$38, MATCH(1, INDEX($F$3:$AW$38, 0, MATCH(H2, $F$2:$AW$2, 0)), 0)), INDEX($A$3:$A$38, MATCH(1, INDEX($F$3:$AW$38, 0, MATCH(H2&" AM", $F$2:$AW$2, 0)), 0))) -> LCP JERRYL | I42: =IFERROR(INDEX($A$3:$A$38, MATCH(1, INDEX($F$3:$AW$38, 0, MATCH(I2, $F$2:$AW$2, 0)), 0)), INDEX($A$3:$A$38, MATCH(1, INDEX($F$3:$AW$38, 0, MATCH(I2&" AM", $F$2:$AW$2, 0)), 0))) -> PTE SUSHIL | J42: =IFERROR(INDEX($A$3:$A$38, MATCH(1, INDEX($F$3:$AW$38, 0, MATCH(J2, $F$2:$AW$2, 0)), 0)), INDEX($A$3:$A$38, MATCH(1, INDEX($F$3:$AW$38, 0, MATCH(J2&" AM", $F$2:$AW$2, 0)), 0))) -> LCP ISAAC | K42: =IFERROR(INDEX($A$3:$A$38, MATCH(1, INDEX($F$3:$AW$38, 0, MATCH(K2, $F$2:$AW$2, 0)), 0)), INDEX($A$3:$A$38, MATCH(1, INDEX($F$3:$AW$38, 0, MATCH(K2&" AM", $F$2:$AW$2, 0)), 0))) -> PTE DARRYL | L42: =IFERROR(INDEX($A$3:$A$38, MATCH(1, INDEX($F$3:$AW$38, 0, MATCH(L2, $F$2:$AW$2, 0)), 0)), INDEX($A$3:$A$38, MATCH(1, INDEX($F$3:$AW$38, 0, MATCH(L2&" AM", $F$2:$AW$2, 0)), 0))) -> PTE BARATHAN | M42: =IFERROR(INDEX($A$3:$A$38, MATCH(1, INDEX($F$3:$AW$38, 0, MATCH(M2, $F$2:$AW$2, 0)), 0)), INDEX($A$3:$A$38, MATCH(1, INDEX($F$3:$AW$38, 0, MATCH(M2&" AM", $F$2:$AW$2, 0)), 0))) -> PTE CLARENCE | ... V42: =IFERROR(INDEX($A$3:$A$38, MATCH(1, INDEX($F$3:$AW$38, 0, MATCH(V2, $F$2:$AW$2, 0)), 0)), INDEX($A$3:$A$38, MATCH(1, INDEX($F$3:$AW$38, 0, MATCH(V2&" AM", $F$2:$AW$2, 0)), 0))) -> CPL RYAN | W42: =IFERROR(INDEX($A$3:$A$38, MATCH(1, INDEX($F$3:$AW$38, 0, MATCH(W2, $F$2:$AW$2, 0)), 0)), INDEX($A$3:$A$38, MATCH(1, INDEX($F$3:$AW$38, 0, MATCH(X2&" AM", $F$2:$AW$2, 0)), 0))) -> LCP DYLAN | X42: =IFERROR(INDEX($A$3:$A$38, MATCH(1, INDEX($F$3:$AW$38, 0, MATCH(X2, $F$2:$AW$2, 0)), 0)), INDEX($A$3:$A$38, MATCH(1, INDEX($F$3:$AW$38, 0, MATCH(Y2&" AM", $F$2:$AW$2, 0)), 0))) -> PTE SIDD | Y42: =IFERROR(INDEX($A$3:$A$38, MATCH(1, INDEX($F$3:$AW$38, 0, MATCH(Y2, $F$2:$AW$2, 0)), 0)), INDEX($A$3:$A$38, MATCH(1, INDEX($F$3:$AW$38, 0, MATCH(Z2&" AM", $F$2:$AW$2, 0)), 0))) -> PTE HILAL | Z42: =IFERROR(INDEX($A$3:$A$38, MATCH(1, INDEX($F$3:$AW$38, 0, MATCH(Z2, $F$2:$AW$2, 0)), 0)), INDEX($A$3:$A$38, MATCH(1, INDEX($F$3:$AW$38, 0, MATCH(AA2&" AM", $F$2:$AW$2, 0)), 0))) -> CPL SURIA | AA42: =IFERROR(INDEX($A$3:$A$38, MATCH(1, INDEX($F$3:$AW$38, 0, MATCH(AA2, $F$2:$AW$2, 0)), 0)), INDEX($A$3:$A$38, MATCH(1, INDEX($F$3:$AW$38, 0, MATCH(AB2&" AM", $F$2:$AW$2, 0)), 0))) -> PTE HILAL | AB42: =IFERROR(INDEX($A$3:$A$38, MATCH(1, INDEX($F$3:$AW$38, 0, MATCH(AB2, $F$2:$AW$2, 0)), 0)), INDEX($A$3:$A$38, MATCH(1, INDEX($F$3:$AW$38, 0, MATCH(AC2&" AM", $F$2:$AW$2, 0)), 0))) -> LCP JERRYL | AC42: =IFERROR(INDEX($A$3:$A$38, MATCH(1, INDEX($F$3:$AW$38, 0, MATCH(AC2, $F$2:$AW$2, 0)), 0)), INDEX($A$3:$A$38, MATCH(1, INDEX($F$3:$AW$38, 0, MATCH(AD2&" AM", $F$2:$AW$2, 0)), 0))) -> LCP DYLAN | AD42: =IFERROR(INDEX($A$3:$A$38, MATCH(1, INDEX($F$3:$AW$38, 0, MATCH(AD2, $F$2:$AW$2, 0)), 0)), INDEX($A$3:$A$38, MATCH(1, INDEX($F$3:$AW$38, 0, MATCH(AD2&" AM", $F$2:$AW$2, 0)), 0))) -> REC ASH | AE42: =IFERROR(INDEX($A$3:$A$38, MATCH(1, INDEX($F$3:$AW$38, 0, MATCH(AE2, $F$2:$AW$2, 0)), 0)), INDEX($A$3:$A$38, MATCH(1, INDEX($F$3:$AW$38, 0, MATCH(AE2&" AM", $F$2:$AW$2, 0)), 0))) -> PTE NATHAN | AF42: =IFERROR(INDEX($A$3:$A$38, MATCH(1, INDEX($F$3:$AW$38, 0, MATCH(AF2, $F$2:$AW$2, 0)), 0)), INDEX($A$3:$A$38, MATCH(1, INDEX($F$3:$AW$38, 0, MATCH(AF2&" AM", $F$2:$AW$2, 0)), 0))) -> PTE ANISH | AG42: =IFERROR(INDEX($A$3:$A$38, MATCH(1, INDEX($F$3:$AW$38, 0, MATCH(AG2, $F$2:$AW$2, 0)), 0)), INDEX($A$3:$A$38, MATCH(1, INDEX($F$3:$AW$38, 0, MATCH(AG2&" AM", $F$2:$AW$2, 0)), 0))) -> PTE HARRY | AH42: =IFERROR(INDEX($A$3:$A$38, MATCH(1, INDEX($F$3:$AW$38, 0, MATCH(AH2, $F$2:$AW$2, 0)), 0)), INDEX($A$3:$A$38, MATCH(1, INDEX($F$3:$AW$38, 0, MATCH(AH2&" AM", $F$2:$AW$2, 0)), 0))) -> LCP EZRA | AI42: =IFERROR(INDEX($A$3:$A$38, MATCH(1, INDEX($F$3:$AW$38, 0, MATCH(AI2, $F$2:$AW$2, 0)), 0)), INDEX($A$3:$A$38, MATCH(1, INDEX($F$3:$AW$38, 0, MATCH(AI2&" AM", $F$2:$AW$2, 0)), 0))) -> PTE BRYAN | AJ42: =IFERROR(INDEX($A$3:$A$38, MATCH(1, INDEX($F$3:$AW$38, 0, MATCH(AJ2, $F$2:$AW$2, 0)), 0)), INDEX($A$3:$A$38, MATCH(1, INDEX($F$3:$AW$38, 0, MATCH(AJ2&" AM", $F$2:$AW$2, 0)), 0))) -> PTE PARAM | AK42: =IFERROR(INDEX($A$3:$A$38, MATCH(1, INDEX($F$3:$AW$38, 0, MATCH(AK2, $F$2:$AW$2, 0)), 0)), INDEX($A$3:$A$38, MATCH(1, INDEX($F$3:$AW$38, 0, MATCH(AK2&" AM", $F$2:$AW$2, 0)), 0))) -> PTE BRYAN | ... BA42: =IFERROR(INDEX($A$3:$A$38, MATCH(1, INDEX($F$3:$AW$38, 0, MATCH(BA2, $F$2:$AW$2, 0)), 0)), INDEX($A$3:$A$38, MATCH(1, INDEX($F$3:$AW$38, 0, MATCH(BA2&" AM", $F$2:$AW$2, 0)), 0))) -> #N/A
E43: Reserve | F43: =INDEX($A$3:$A$38, MATCH("R", INDEX($F$3:$AW$38, 0, MATCH(F2, $F$2:$AW$2, 0)), 0)) -> LCP JERRYL | G43: =INDEX($A$3:$A$38, MATCH("R", INDEX($F$3:$AW$38, 0, MATCH(G2, $F$2:$AW$2, 0)), 0)) -> PTE HILAL | H43: =INDEX($A$3:$A$38, MATCH("R", INDEX($F$3:$AW$38, 0, MATCH(H2, $F$2:$AW$2, 0)), 0)) -> LCP NICO | I43: =INDEX($A$3:$A$38, MATCH("R", INDEX($F$3:$AW$38, 0, MATCH(I2, $F$2:$AW$2, 0)), 0)) -> PTE HILAL | J43: =INDEX($A$3:$A$38, MATCH("R", INDEX($F$3:$AW$38, 0, MATCH(J2, $F$2:$AW$2, 0)), 0)) -> LCP MITCHELL | K43: =INDEX($A$3:$A$38, MATCH("R", INDEX($F$3:$AW$38, 0, MATCH(K2, $F$2:$AW$2, 0)), 0)) -> PTE SIDD | L43: =INDEX($A$3:$A$38, MATCH("R", INDEX($F$3:$AW$38, 0, MATCH(L2, $F$2:$AW$2, 0)), 0)) -> PTE KAI JIE | M43: =INDEX($A$3:$A$38, MATCH("R", INDEX($F$3:$AW$38, 0, MATCH(M2, $F$2:$AW$2, 0)), 0)) -> PTE DARRYL | ... BA43: =INDEX($A$3:$A$38, MATCH("R", INDEX($F$3:$AW$38, 0, MATCH(BA2, $F$2:$AW$2, 0)), 0)) -> #N/A
A44: Total Duties | C44: =COUNTA($F$1:$AT1) -> 41 | E44: Reserve 2 | F44: =INDEX($A$3:$A$38, MATCH("R2", INDEX($F$3:$AW$38, 0, MATCH(F2, $F$2:$AW$2, 0)), 0)) -> REC ASH | G44: =INDEX($A$3:$A$38, MATCH("R2", INDEX($F$3:$AW$38, 0, MATCH(G2, $F$2:$AW$2, 0)), 0)) -> LCP EZRA | H44: =INDEX($A$3:$A$38, MATCH("R2", INDEX($F$3:$AW$38, 0, MATCH(H2, $F$2:$AW$2, 0)), 0)) -> CPL SURIA | I44: =INDEX($A$3:$A$38, MATCH("R2", INDEX($F$3:$AW$38, 0, MATCH(I2, $F$2:$AW$2, 0)), 0)) -> PTE CLARENCE | J44: =INDEX($A$3:$A$38, MATCH("R2", INDEX($F$3:$AW$38, 0, MATCH(J2, $F$2:$AW$2, 0)), 0)) -> PTE NATHAN | K44: =INDEX($A$3:$A$38, MATCH("R2", INDEX($F$3:$AW$38, 0, MATCH(K2, $F$2:$AW$2, 0)), 0)) -> CPL SURIA | L44: =INDEX($A$3:$A$38, MATCH("R2", INDEX($F$3:$AW$38, 0, MATCH(L2, $F$2:$AW$2, 0)), 0)) -> PTE JEREMIAH | M44: =INDEX($A$3:$A$38, MATCH("R2", INDEX($F$3:$AW$38, 0, MATCH(M2, $F$2:$AW$2, 0)), 0)) -> LCP NICO | ... BA44: =INDEX($A$3:$A$38, MATCH("R2", INDEX($F$3:$AW$38, 0, MATCH(BA2, $F$2:$AW$2, 0)), 0)) -> #N/A
A45: Total Personnel | C45: =SUBTOTAL(103, $A$3:$A$38) -> 28
A48: Excuse Stay in
A49: PA
A50: R&D
A51: RM
A52: PR
A53: MEDIA
A54: OPS RM
A55: TRG BR
A56: SBE
A57: TCRS 1
A58: TCRS 2
A59: TCRS 3

Sheet Sept Master Duty Overview
A1: Duty Personnel Duty | B1: Total Points | C1: Duty Points | D1: Reserve Points | E1: Reserve Points 2 | F1: Monday | G1: Tuesday | H1: Wednesday | I1: Thursday | J1: Friday | K1: Saturday | L1: Saturday | M1: Sunday | N1: Sunday | O1: Monday | P1: Tuesday | Q1: Wednesday | R1: Thursday | S1: Friday | T1: Saturday | U1: Saturday | V1: Sunday | W1: Sunday | X1: Monday | Y1: Tuesday | Z1: Wednesday | AA1: Thursday | AB1: Friday | AC1: Saturday | AD1: Saturday | AE1: Sunday | AF1: Sunday | AG1: Monday | AH1: Tuesday | AI1: Wednesday | AJ1: Thursday | AK1: Friday | AL1: Saturday | AM1: Saturday | AN1: Sunday | AO1: Sunday | AP1: Monday | AQ1: Tuesday | AR1: Sunday | AS1: Sunday | AT1: Monday | AU1: Tuesday | AV1: SUNDAY (PM) | AW1: SUNDAY (AM) | AX1: SUNDAY (PM)
F2: 45901 | G2: 45902 | H2: 45903 | I2: 45904 | J2: 45905 | K2: 6-9-25 (AM) | L2: 6-9-25 (PM) | M2: 7-9-25 (AM) | N2: 7-9-25 (PM) | O2: 45908 | P2: 45909 | Q2: 45910 | R2: 45911 | S2: 45912 | T2: 13-9-25 (AM) | U2: 13-9-25 (PM) | V2: 14-9-25 (AM) | W2: 14-9-25 (PM) | X2: 45915 | Y2: 45916 | Z2: 45917 | AA2: 45918 | AB2: 45919 | AC2: 20-9-25 (AM) | AD2: 20-9-25 (PM) | AE2: 21-9-25 (AM) | AF2: 21-9-25 (PM) | AG2: 45922 | AH2: 11955 | AI2: 45924 | AJ2: 45925 | AK2: 45926 | AL2: 27-9-25 (AM) | AM2: 27-9-25 (PM) | AN2: 28-9-25 (AM) | AO2: 28-9-25 (PM) | AP2: 45929 | AQ2: 45930 | AU2: 26-1-25 (AM) | AV2: 26-1-25 (PM) | AW2: 26-1-25 (AM) | AX2: 26-1-25 (PM)
A3: LCP EZRA | B3: =SUM(C3:D3) -> 0 | C3: =SUM(F3:AQ3) -> 0 | D3: {=SUM(IF(F3:AQ3="R",1,0))} -> 0 | E3: {=SUM(IF(F3:AQ3="R2",1,0))} -> 0
A4: PTE HILAL | B4: =SUM(C4:D4) -> 2 | C4: =SUM(H4:AQ4) -> 1 | D4: {=SUM(IF(H4:AQ4="R",1,0))} -> 1 | E4: {=SUM(IF(H4:AQ4="R2",1,0))} -> 2 | T4: r2 | V4: R2 | AL4: r | AN4: 1
A5: PTE EE BING | B5: =SUM(C5:D5) -> 3 | C5: =SUM(F5:AQ5) -> 1 | D5: {=SUM(IF(F5:AQ5="R",1,0))} -> 2 | E5: {=SUM(IF(F5:AQ5="R2",1,0))} -> 1 | H5: R | P5: r2 | AA5: R | AI5: 1
A6: PTE JEREMIAH | B6: =SUM(C6:D6) -> 1 | C6: =SUM(F6:AQ6) -> 1 | D6: {=SUM(IF(F6:AQ6="R",1,0))} -> 0 | E6: {=SUM(IF(H6:AQ6="R2",1,0))} -> 2 | S6: 1 | Y6: R2 | AP6: R2
A7: PTE KAI JIE | B7: =SUM(C7:D7) -> 3 | C7: =SUM(F7:AQ7) -> 2 | D7: {=SUM(IF(F7:AQ7="R",1,0))} -> 1 | E7: {=SUM(IF(F7:AQ7="R2",1,0))} -> 2 | S7: R2 | Y7: 1 | AB7: R | AN7: R2 | AQ7: 1
A8: PTE JULLION | B8: =SUM(C8:D8) -> 3 | C8: =SUM(F8:AQ8) -> 1 | D8: {=SUM(IF(F8:AQ8="R",1,0))} -> 2 | E8: {=SUM(IF(F8:AQ8="R2",1,0))} -> 1 | I8: r2 | L8: r | N8: 1 | S8: R
A9: PTE ANISH VINAAYAK SIVASANKAR | C9: =SUM(F9:AQ9) -> 2 | D9: {=SUM(IF(F9:AQ9="R",1,0))} -> 2 | E9: {=SUM(IF(F9:AQ9="R2",1,0))} -> 1 | G9: 1 | Q9: r | Y9: R | AH9: 1 | AJ9: R2
A10: LCP MITCHELL | B10: =SUM(C10:D10) -> 3 | C10: =SUM(F10:AQ10) -> 1 | D10: {=SUM(IF(F10:AQ10="R",1,0))} -> 2 | E10: {=SUM(IF(F10:AQ10="R2",1,0))} -> 1 | H10: r2 | O10: 1 | Z10: R | AH10: r
